Shipment_ID,Order_Date,Delivery_Date,Customer_Type,Origin_Zone,Destination_Zone,Package_Type,Shipping_Mode,Shipping_Cost,Delivery_Status
SHP00743,2024-01-01,2024-01-07,Individual,Central,Central,Parcel,Standard,381,Delivered
SHP00559,2024-01-01,2024-01-04,Individual,Central,East,Parcel,Express,382,Delayed
SHP00146,2024-01-02,2024-01-06,Individual,North,South,Document,Standard,241,Delivered
SHP01459,2024-01-02,2024-01-03,Individual,East,North,Fragile,Same Day,412,Delivered
SHP01364,2024-01-02,2024-01-04,Individual,East,South,Electronics,Standard,89,Delivered
SHP01624,2024-01-02,2024-01-06,Individual,East,North,Document,Standard,365,Delivered
SHP00189,2024-01-02,2024-01-06,Individual,Central,North,Fragile,Standard,191,Delivered
SHP01178,2024-01-03,2024-01-06,Individual,North,Central,Electronics,Standard,431,Delivered
SHP01138,2024-01-03,2024-01-05,Business,North,Central,Electronics,Standard,179,Delivered
SHP00723,2024-01-04,2024-01-07,Individual,West,South,Parcel,Same Day,353,Delivered
SHP00990,2024-01-04,2024-01-05,Business,South,Central,Parcel,Standard,275,Delivered
SHP00773,2024-01-05,2024-01-08,Business,East,South,Parcel,Express,382,Delayed
SHP00308,2024-01-05,2024-01-07,Individual,South,South,Parcel,Express,384,Delivered
SHP00720,2024-01-06,2024-01-08,Individual,South,Central,Fragile,Express,393,Delivered
SHP01225,2024-01-07,2024-01-11,Individual,East,East,Document,Standard,111,Delivered
SHP00955,2024-01-07,2024-01-09,Individual,East,North,Fragile,Express,368,Delivered
SHP01389,2024-01-07,2024-01-11,Business,North,West,Fragile,Standard,90,Delivered
SHP00656,2024-01-08,2024-01-12,Individual,East,Central,Document,Same Day,808,Delivered
SHP01381,2024-01-09,2024-01-15,Individual,East,Central,Fragile,Express,291,Delivered
SHP00195,2024-01-09,2024-01-13,Individual,West,Central,Parcel,Standard,320,Delayed
SHP00528,2024-01-10,2024-01-13,Business,East,South,Fragile,Standard,353,Delivered
SHP00752,2024-01-10,2024-01-16,Individual,East,West,Parcel,Express,526,Delivered
SHP01645,2024-01-10,2024-01-15,Individual,South,East,Parcel,Standard,418,Delivered
SHP01155,2024-01-11,2024-01-13,Individual,Central,Central,Document,Standard,249,Delivered
SHP00830,2024-01-11,2024-01-13,Individual,North,South,Document,Standard,186,Delivered
SHP01348,2024-01-11,2024-01-16,Individual,North,Central,Electronics,Standard,410,Delivered
SHP01027,2024-01-11,2024-01-12,Individual,South,East,Parcel,Standard,358,Delivered
SHP01590,2024-01-12,2024-01-13,Individual,North,South,Fragile,Standard,89,Cancelled
SHP00381,2024-01-12,2024-01-15,Business,Central,North,Document,Express,601,Delivered
SHP01066,2024-01-12,2024-01-14,Business,West,West,Parcel,Same Day,673,Delivered
SHP01767,2024-01-12,2024-01-18,Individual,North,North,Parcel,Standard,473,Delivered
SHP00756,2024-01-13,2024-01-17,Individual,North,East,Electronics,Standard,339,Delivered
SHP01399,2024-01-14,2024-01-16,Business,Central,East,Parcel,Standard,87,Delayed
SHP00039,2024-01-14,2024-01-18,Individual,East,East,Fragile,Standard,320,Delayed
SHP01467,2024-01-14,2024-01-16,Individual,Central,South,Fragile,Standard,110,Delayed
SHP00820,2024-01-15,2024-01-17,Individual,East,West,Document,Express,430,Delivered
SHP00075,2024-01-15,2024-01-20,Business,East,North,Parcel,Same Day,511,Delivered
SHP01112,2024-01-16,2024-01-19,Individual,East,West,Parcel,Express,332,Delayed
SHP01240,2024-01-17,2024-01-20,Business,East,Central,Fragile,Express,588,Delivered
SHP00242,2024-01-17,2024-01-18,Individual,South,North,Document,Standard,282,Delayed
SHP01888,2024-01-17,2024-01-20,Individual,West,East,Parcel,Standard,378,Delivered
SHP00916,2024-01-18,2024-01-22,Individual,East,North,Fragile,Standard,319,Delivered
SHP00261,2024-01-18,2024-01-19,Individual,East,Central,Document,Same Day,441,Delivered
SHP01560,2024-01-19,2024-01-21,Business,Central,Central,Parcel,Standard,409,Delayed
SHP00282,2024-01-20,2024-01-22,Individual,West,North,Parcel,Express,486,Delivered
SHP01602,2024-01-21,2024-01-22,Individual,East,South,Document,Standard,176,Delivered
SHP01449,2024-01-21,2024-01-22,Individual,North,North,Parcel,Same Day,551,Delivered
SHP00033,2024-01-21,2024-01-26,Individual,North,Central,Electronics,Standard,494,Delivered
SHP01882,2024-01-21,2024-01-23,Individual,East,Central,Fragile,Standard,388,Delivered
SHP01302,2024-01-21,2024-01-27,Business,East,West,Parcel,Standard,427,Delivered
SHP01268,2024-01-22,2024-01-29,Individual,North,Central,Parcel,Standard,329,Delivered
SHP00017,2024-01-22,2024-01-27,Individual,Central,North,Fragile,Express,519,Delivered
SHP01393,2024-01-22,2024-01-26,Individual,North,Central,Parcel,Standard,293,Delivered
SHP00834,2024-01-23,2024-01-24,Individual,South,North,Document,Standard,310,Delivered
SHP00358,2024-01-23,2024-01-24,Business,West,Central,Parcel,Standard,94,Delivered
SHP01429,2024-01-24,2024-01-27,Individual,South,North,Document,Standard,295,Delivered
SHP00886,2024-01-25,2024-01-29,Business,North,Central,Electronics,Express,441,Delivered
SHP01052,2024-01-25,2024-01-27,Individual,East,East,Parcel,Express,175,Failed
SHP00689,2024-01-25,2024-01-26,Individual,South,North,Parcel,Express,305,Delayed
SHP00230,2024-01-27,2024-01-29,Individual,North,Central,Electronics,Standard,460,Delivered
SHP01007,2024-01-27,2024-01-30,Individual,Central,Central,Document,Express,195,Cancelled
SHP00665,2024-01-28,2024-01-30,Individual,West,Central,Parcel,Standard,212,Delivered
SHP01473,2024-01-28,2024-02-01,Individual,East,Central,Parcel,Express,130,Delivered
SHP00681,2024-01-28,2024-01-31,Individual,South,West,Document,Express,150,Delivered
SHP00993,2024-01-29,2024-02-01,Business,West,East,Electronics,Standard,281,Delivered
SHP01123,2024-01-29,2024-02-04,Business,West,North,Electronics,Standard,437,Delivered
SHP00456,2024-01-29,2024-02-04,Individual,West,Central,Electronics,Standard,397,Cancelled
SHP01281,2024-01-29,2024-02-03,Business,North,Central,Fragile,Express,227,Delivered
SHP01893,2024-01-29,2024-01-30,Business,Central,Central,Document,Standard,217,Delivered
SHP01025,2024-01-29,2024-02-01,Individual,North,West,Electronics,Standard,393,Delivered
SHP00910,2024-02-01,2024-02-06,Individual,South,West,Parcel,Standard,81,Delivered
SHP00696,2024-02-03,2024-02-05,Individual,Central,North,Document,Express,160,Delivered
SHP01002,2024-02-03,2024-02-08,Individual,North,Central,Parcel,Express,536,Delivered
SHP00566,2024-02-03,2024-02-04,Individual,North,North,Parcel,Express,517,Delivered
SHP01421,2024-02-04,2024-02-05,Individual,West,West,Parcel,Standard,191,Delivered
SHP00048,2024-02-04,2024-02-05,Business,North,Central,Electronics,Standard,173,Delayed
SHP00384,2024-02-04,2024-02-05,Individual,South,South,Parcel,Standard,382,Delivered
SHP00280,2024-02-05,2024-02-10,Individual,South,Central,Electronics,Express,168,Delayed
SHP01690,2024-02-05,2024-02-12,Individual,West,Central,Document,Express,594,Delivered
SHP01637,2024-02-05,2024-02-08,Business,North,North,Parcel,Express,501,Delivered
SHP00409,2024-02-06,2024-02-09,Individual,North,South,Parcel,Express,221,Delivered
SHP01199,2024-02-06,2024-02-09,Individual,South,Central,Document,Express,427,Delivered
SHP01255,2024-02-06,2024-02-08,Individual,East,Central,Fragile,Standard,331,Cancelled
SHP01195,2024-02-07,2024-02-10,Business,South,North,Parcel,Same Day,367,Delivered
SHP00226,2024-02-07,2024-02-11,Individual,Central,Central,Fragile,Express,213,Delivered
SHP01107,2024-02-08,2024-02-09,Individual,North,North,Document,Standard,334,Delivered
SHP01292,2024-02-08,2024-02-10,Business,North,North,Fragile,Express,442,Delivered
SHP01976,2024-02-08,2024-02-11,Individual,South,West,Fragile,Express,585,Delivered
SHP00467,2024-02-08,2024-02-12,Individual,East,South,Parcel,Standard,121,Delivered
SHP01191,2024-02-09,2024-02-12,Business,West,East,Parcel,Express,540,Delivered
SHP01211,2024-02-09,2024-02-15,Business,East,West,Electronics,Express,300,Delivered
SHP00513,2024-02-10,2024-02-14,Individual,North,Central,Fragile,Standard,417,Delayed
SHP01000,2024-02-10,2024-02-13,Individual,South,South,Parcel,Express,580,Delayed
SHP00087,2024-02-10,2024-02-12,Individual,East,East,Fragile,Same Day,799,Failed
SHP00999,2024-02-11,2024-02-12,Business,South,South,Document,Express,330,Delivered
SHP01769,2024-02-11,2024-02-14,Individual,North,West,Electronics,Same Day,407,Delayed
SHP01051,2024-02-11,2024-02-16,Individual,North,South,Parcel,Standard,165,Delivered
SHP00617,2024-02-12,2024-02-16,Individual,West,Central,Parcel,Same Day,698,Delivered
SHP01917,2024-02-12,2024-02-13,Individual,Central,West,Electronics,Standard,317,Delayed
SHP01594,2024-02-12,2024-02-15,Individual,North,Central,Parcel,Express,276,Delivered
SHP01811,2024-02-12,2024-02-15,Individual,South,West,Fragile,Standard,480,Delivered
SHP00494,2024-02-16,2024-02-17,Business,South,East,Parcel,Standard,249,Delayed
SHP00645,2024-02-16,2024-02-18,Individual,West,South,Parcel,Standard,485,Delayed
SHP00821,2024-02-16,2024-02-22,Individual,West,West,Parcel,Express,235,Cancelled
SHP01075,2024-02-16,2024-02-19,Business,Central,South,Electronics,Standard,191,Delayed
SHP00313,2024-02-16,2024-02-20,Individual,West,North,Fragile,Standard,163,Delivered
SHP00652,2024-02-17,2024-02-20,Individual,West,North,Parcel,Standard,189,Delivered
SHP01654,2024-02-19,2024-02-20,Business,East,East,Parcel,Express,566,Delivered
SHP01610,2024-02-20,2024-02-25,Individual,West,Central,Parcel,Express,319,Delivered
SHP00855,2024-02-20,2024-02-22,Individual,Central,East,Parcel,Express,314,Delivered
SHP00560,2024-02-20,2024-02-23,Individual,South,South,Fragile,Express,388,Delivered
SHP00292,2024-02-20,2024-02-23,Business,Central,North,Document,Express,672,Delivered
SHP00614,2024-02-22,2024-02-28,Individual,Central,West,Parcel,Standard,243,Delivered
SHP00200,2024-02-23,2024-02-27,Individual,Central,West,Parcel,Standard,265,Delivered
SHP01168,2024-02-23,2024-02-24,Individual,Central,South,Electronics,Express,487,Delivered
SHP01033,2024-02-24,2024-02-27,Business,North,West,Parcel,Express,564,Delayed
SHP00927,2024-02-24,2024-02-26,Business,South,South,Electronics,Standard,483,Delivered
SHP01727,2024-02-24,2024-03-02,Business,East,West,Parcel,Express,144,Delayed
SHP00932,2024-02-24,2024-02-26,Individual,North,Central,Parcel,Express,241,Delivered
SHP00661,2024-02-25,2024-03-03,Individual,East,South,Electronics,Express,353,Delivered
SHP01710,2024-02-27,2024-03-01,Individual,East,Central,Parcel,Express,603,Delivered
SHP00485,2024-02-27,2024-03-01,Individual,West,North,Electronics,Standard,185,Delivered
SHP00981,2024-02-28,2024-03-04,Individual,East,East,Parcel,Standard,319,Delayed
SHP01151,2024-03-01,2024-03-02,Business,West,North,Electronics,Express,361,Delivered
SHP01049,2024-03-01,2024-03-04,Individual,South,North,Electronics,Express,672,Delivered
SHP00629,2024-03-01,2024-03-04,Business,Central,West,Parcel,Standard,283,Cancelled
SHP01176,2024-03-02,2024-03-05,Individual,South,East,Parcel,Standard,295,Cancelled
SHP00414,2024-03-02,2024-03-08,Individual,East,East,Parcel,Standard,130,Delivered
SHP00890,2024-03-03,2024-03-07,Business,East,West,Fragile,Express,507,Delivered
SHP00540,2024-03-03,2024-03-04,Individual,North,East,Parcel,Standard,412,Delivered
SHP01858,2024-03-05,2024-03-07,Individual,East,West,Document,Same Day,405,Delivered
SHP00076,2024-03-05,2024-03-08,Individual,West,South,Parcel,Standard,170,Failed
SHP01474,2024-03-06,2024-03-08,Individual,West,Central,Electronics,Express,281,Delivered
SHP00690,2024-03-07,2024-03-12,Business,North,West,Fragile,Standard,239,Delivered
SHP01707,2024-03-07,2024-03-10,Individual,West,South,Fragile,Express,546,Delayed
SHP00829,2024-03-09,2024-03-11,Individual,North,Central,Parcel,Standard,481,Delivered
SHP00612,2024-03-09,2024-03-10,Individual,South,West,Electronics,Standard,361,Delivered
SHP01038,2024-03-09,2024-03-11,Business,West,Central,Fragile,Standard,486,Delivered
SHP01343,2024-03-12,2024-03-16,Individual,Central,Central,Document,Express,370,Delivered
SHP01776,2024-03-13,2024-03-16,Business,North,South,Parcel,Standard,499,Delayed
SHP01045,2024-03-13,2024-03-17,Individual,North,Central,Parcel,Express,658,Delivered
SHP01693,2024-03-13,2024-03-15,Business,West,East,Document,Standard,129,Delivered
SHP00587,2024-03-15,2024-03-17,Business,East,East,Parcel,Standard,472,Delivered
SHP00722,2024-03-15,2024-03-17,Business,West,West,Fragile,Express,202,Failed
SHP00875,2024-03-15,2024-03-20,Individual,East,East,Document,Express,326,Delivered
SHP00996,2024-03-15,2024-03-18,Business,West,South,Parcel,Standard,172,Delivered
SHP00423,2024-03-16,2024-03-19,Individual,Central,North,Fragile,Express,627,Delayed
SHP00666,2024-03-18,2024-03-21,Individual,South,Central,Document,Standard,362,Delivered
SHP00775,2024-03-18,2024-03-19,Individual,West,East,Fragile,Standard,492,Delivered
SHP01285,2024-03-19,2024-03-22,Individual,West,North,Document,Standard,366,Delivered
SHP01905,2024-03-19,2024-03-22,Business,Central,North,Parcel,Standard,256,Delivered
SHP00490,2024-03-20,2024-03-25,Business,East,East,Document,Standard,391,Delayed
SHP00604,2024-03-21,2024-03-23,Individual,North,Central,Document,Standard,382,Delivered
SHP01235,2024-03-22,2024-03-27,Individual,East,Central,Electronics,Standard,182,Delivered
SHP00962,2024-03-22,2024-03-23,Individual,South,Central,Parcel,Standard,368,Cancelled
SHP01826,2024-03-23,2024-03-25,Business,North,East,Electronics,Express,505,Delayed
SHP00557,2024-03-23,2024-03-25,Individual,South,Central,Parcel,Standard,480,Delivered
SHP01305,2024-03-24,2024-03-28,Individual,West,North,Parcel,Same Day,803,Delivered
SHP01584,2024-03-25,2024-03-26,Business,East,West,Document,Standard,271,Delivered
SHP00684,2024-03-26,2024-03-30,Business,South,South,Document,Standard,286,Delivered
SHP01535,2024-03-26,2024-03-31,Business,Central,East,Parcel,Standard,239,Delivered
SHP01404,2024-03-27,2024-03-31,Business,North,Central,Parcel,Standard,352,Delivered
SHP01912,2024-03-27,2024-04-02,Business,North,East,Parcel,Express,608,Delivered
SHP01916,2024-03-27,2024-03-28,Business,West,East,Fragile,Standard,176,Delivered
SHP00931,2024-03-27,2024-03-31,Individual,South,Central,Parcel,Standard,211,Delivered
SHP00007,2024-03-28,2024-04-01,Individual,South,West,Fragile,Express,641,Cancelled
SHP00780,2024-03-29,2024-03-30,Individual,North,Central,Electronics,Standard,139,Delivered
SHP01372,2024-03-30,2024-04-04,Individual,West,North,Parcel,Express,192,Delivered
SHP00744,2024-03-30,2024-03-31,Business,North,East,Parcel,Standard,482,Delivered
SHP00387,2024-03-30,2024-04-03,Individual,North,East,Fragile,Standard,489,Delivered
SHP00508,2024-03-30,2024-04-02,Individual,South,North,Electronics,Express,137,Delivered
SHP01627,2024-03-30,2024-04-06,Business,South,South,Parcel,Standard,148,Cancelled
SHP00465,2024-03-31,2024-04-04,Individual,South,North,Electronics,Standard,447,Delivered
SHP01804,2024-04-01,2024-04-07,Individual,South,South,Fragile,Standard,316,Delivered
SHP01214,2024-04-01,2024-04-04,Individual,East,West,Parcel,Same Day,463,Delivered
SHP01846,2024-04-01,2024-04-03,Individual,Central,North,Fragile,Standard,433,Delayed
SHP01359,2024-04-01,2024-04-04,Individual,West,North,Parcel,Standard,397,Delivered
SHP00044,2024-04-01,2024-04-03,Business,North,West,Parcel,Express,158,Delivered
SHP01423,2024-04-02,2024-04-04,Individual,Central,South,Parcel,Express,673,Delivered
SHP00627,2024-04-02,2024-04-06,Individual,Central,West,Document,Same Day,457,Delivered
SHP00347,2024-04-03,2024-04-06,Individual,Central,East,Parcel,Same Day,846,Delayed
SHP01787,2024-04-04,2024-04-07,Business,North,West,Electronics,Express,196,Delivered
SHP00825,2024-04-04,2024-04-05,Individual,Central,South,Parcel,Standard,374,Delivered
SHP00621,2024-04-04,2024-04-07,Individual,South,South,Parcel,Express,459,Delivered
SHP00567,2024-04-04,2024-04-11,Individual,South,East,Parcel,Express,136,Delivered
SHP00118,2024-04-05,2024-04-11,Individual,East,West,Parcel,Standard,217,Failed
SHP00407,2024-04-05,2024-04-12,Business,South,Central,Parcel,Standard,476,Delayed
SHP00944,2024-04-05,2024-04-12,Individual,North,Central,Parcel,Standard,270,Delivered
SHP01032,2024-04-07,2024-04-10,Individual,East,North,Document,Standard,188,Cancelled
SHP00593,2024-04-07,2024-04-09,Individual,Central,East,Fragile,Express,662,Delivered
SHP00247,2024-04-08,2024-04-12,Business,Central,East,Document,Standard,405,Delivered
SHP00206,2024-04-08,2024-04-10,Individual,South,Central,Fragile,Same Day,356,Delivered
SHP00098,2024-04-08,2024-04-15,Business,South,North,Parcel,Standard,181,Delivered
SHP01453,2024-04-09,2024-04-12,Business,South,South,Document,Standard,205,Delivered
SHP01913,2024-04-10,2024-04-11,Individual,North,North,Fragile,Standard,283,Delivered
SHP01835,2024-04-10,2024-04-13,Individual,East,North,Parcel,Standard,366,Failed
SHP01576,2024-04-11,2024-04-16,Individual,South,South,Parcel,Express,644,Delivered
SHP01351,2024-04-11,2024-04-13,Individual,West,North,Parcel,Express,409,Delivered
SHP01057,2024-04-11,2024-04-14,Individual,East,South,Parcel,Standard,88,Delivered
SHP00589,2024-04-12,2024-04-14,Individual,West,West,Parcel,Standard,480,Delivered
SHP00795,2024-04-13,2024-04-14,Business,West,North,Fragile,Express,248,Delivered
SHP00203,2024-04-13,2024-04-14,Business,West,East,Document,Standard,185,Delivered
SHP00544,2024-04-14,2024-04-21,Individual,South,South,Fragile,Standard,309,Delivered
SHP01886,2024-04-14,2024-04-18,Individual,North,East,Parcel,Express,542,Delivered
SHP01376,2024-04-15,2024-04-17,Individual,Central,West,Document,Same Day,511,Delivered
SHP01622,2024-04-15,2024-04-18,Individual,West,West,Parcel,Standard,295,Delivered
SHP00650,2024-04-16,2024-04-21,Individual,West,North,Electronics,Standard,484,Delivered
SHP01055,2024-04-17,2024-04-19,Individual,East,West,Document,Standard,235,Delivered
SHP00692,2024-04-18,2024-04-21,Individual,Central,Central,Document,Express,318,Delivered
SHP00438,2024-04-18,2024-04-23,Business,North,Central,Fragile,Standard,191,Delivered
SHP00693,2024-04-20,2024-04-21,Individual,West,South,Parcel,Same Day,778,Delivered
SHP00695,2024-04-20,2024-04-24,Individual,West,South,Parcel,Express,451,Delivered
SHP01386,2024-04-20,2024-04-27,Individual,East,South,Electronics,Standard,388,Delivered
SHP00618,2024-04-20,2024-04-23,Individual,East,South,Document,Standard,341,Delivered
SHP00740,2024-04-22,2024-04-25,Individual,North,East,Fragile,Express,351,Delivered
SHP00145,2024-04-22,2024-04-24,Business,East,North,Document,Express,211,Delivered
SHP01973,2024-04-22,2024-04-24,Individual,Central,East,Parcel,Standard,261,Delivered
SHP01751,2024-04-23,2024-04-24,Individual,South,West,Parcel,Standard,399,Cancelled
SHP01538,2024-04-23,2024-04-26,Business,West,Central,Fragile,Same Day,860,Delivered
SHP00923,2024-04-23,2024-04-25,Business,South,East,Parcel,Standard,365,Delivered
SHP01208,2024-04-24,2024-04-27,Individual,Central,Central,Electronics,Standard,375,Delayed
SHP00393,2024-04-24,2024-04-26,Individual,West,East,Parcel,Same Day,365,Delivered
SHP01716,2024-04-25,2024-04-29,Business,East,West,Electronics,Standard,385,Delivered
SHP01368,2024-04-25,2024-04-28,Business,North,Central,Parcel,Standard,439,Delivered
SHP00870,2024-04-26,2024-04-30,Business,North,South,Parcel,Standard,281,Delivered
SHP01337,2024-04-26,2024-04-29,Individual,East,Central,Parcel,Standard,150,Delivered
SHP00326,2024-04-26,2024-04-28,Business,West,South,Electronics,Standard,307,Delivered
SHP00725,2024-04-27,2024-05-03,Individual,East,South,Fragile,Express,329,Delivered
SHP00573,2024-04-27,2024-04-29,Individual,West,East,Electronics,Express,134,Delivered
SHP01505,2024-04-28,2024-05-03,Individual,Central,Central,Document,Standard,150,Delivered
SHP01948,2024-04-28,2024-05-02,Business,West,North,Document,Same Day,571,Delivered
SHP00322,2024-04-29,2024-05-04,Individual,East,North,Parcel,Standard,247,Delivered
SHP01373,2024-05-01,2024-05-05,Business,South,West,Document,Express,552,Delayed
SHP00004,2024-05-01,2024-05-03,Business,Central,North,Electronics,Express,354,Delivered
SHP01406,2024-05-01,2024-05-06,Individual,East,East,Parcel,Standard,291,Delivered
SHP01975,2024-05-01,2024-05-05,Individual,South,South,Parcel,Express,302,Delivered
SHP00156,2024-05-02,2024-05-05,Individual,West,Central,Parcel,Express,263,Delivered
SHP01968,2024-05-03,2024-05-07,Business,East,West,Document,Standard,362,Delivered
SHP01839,2024-05-03,2024-05-05,Individual,West,Central,Document,Standard,137,Delayed
SHP01518,2024-05-05,2024-05-08,Individual,West,East,Document,Express,391,Delivered
SHP00685,2024-05-05,2024-05-06,Business,North,East,Parcel,Standard,97,Delivered
SHP00616,2024-05-05,2024-05-06,Business,West,East,Electronics,Express,470,Delivered
SHP00851,2024-05-06,2024-05-11,Individual,Central,South,Document,Standard,125,Delivered
SHP01803,2024-05-07,2024-05-11,Individual,North,West,Electronics,Standard,500,Delivered
SHP00998,2024-05-07,2024-05-12,Business,Central,North,Document,Standard,218,Delayed
SHP00260,2024-05-07,2024-05-11,Business,East,Central,Fragile,Standard,323,Cancelled
SHP00982,2024-05-07,2024-05-13,Individual,South,North,Document,Standard,411,Delivered
SHP01891,2024-05-08,2024-05-10,Individual,North,North,Document,Express,638,Delivered
SHP01531,2024-05-08,2024-05-15,Individual,North,South,Fragile,Standard,232,Failed
SHP01470,2024-05-09,2024-05-13,Individual,North,South,Parcel,Express,508,Delivered
SHP00824,2024-05-09,2024-05-14,Individual,North,North,Fragile,Express,633,Delivered
SHP01780,2024-05-09,2024-05-15,Business,North,East,Document,Standard,96,Delivered
SHP01020,2024-05-09,2024-05-10,Individual,West,North,Parcel,Express,357,Delivered
SHP01054,2024-05-10,2024-05-11,Individual,North,Central,Document,Standard,265,Delivered
SHP00009,2024-05-10,2024-05-11,Individual,Central,Central,Parcel,Express,679,Cancelled
SHP01100,2024-05-10,2024-05-12,Business,South,North,Electronics,Standard,304,Delivered
SHP00777,2024-05-11,2024-05-13,Individual,West,North,Document,Same Day,895,Delayed
SHP01486,2024-05-12,2024-05-15,Individual,South,Central,Electronics,Standard,399,Delivered
SHP01226,2024-05-12,2024-05-14,Business,South,Central,Fragile,Express,407,Delivered
SHP00605,2024-05-12,2024-05-15,Business,South,Central,Document,Standard,416,Delivered
SHP01772,2024-05-13,2024-05-16,Business,Central,West,Fragile,Standard,459,Delivered
SHP00484,2024-05-13,2024-05-15,Business,East,Central,Fragile,Standard,226,Delivered
SHP00089,2024-05-14,2024-05-17,Individual,Central,North,Document,Standard,449,Failed
SHP01085,2024-05-16,2024-05-17,Individual,North,East,Parcel,Express,444,Delivered
SHP00608,2024-05-17,2024-05-20,Business,West,North,Fragile,Express,531,Delivered
SHP01934,2024-05-17,2024-05-21,Individual,West,Central,Parcel,Same Day,464,Delivered
SHP00747,2024-05-18,2024-05-19,Individual,East,East,Parcel,Express,571,Delivered
SHP00741,2024-05-19,2024-05-22,Business,South,West,Document,Express,468,Delayed
SHP00841,2024-05-20,2024-05-24,Individual,West,North,Parcel,Same Day,605,Delivered
SHP01613,2024-05-20,2024-05-23,Business,North,North,Fragile,Standard,332,Failed
SHP01640,2024-05-20,2024-05-21,Individual,Central,Central,Parcel,Express,563,Delivered
SHP00788,2024-05-22,2024-05-26,Individual,East,North,Electronics,Express,407,Delivered
SHP01374,2024-05-22,2024-05-25,Individual,West,Central,Document,Standard,207,Delayed
SHP01763,2024-05-22,2024-05-25,Business,West,South,Document,Standard,422,Delivered
SHP01569,2024-05-22,2024-05-24,Business,North,Central,Fragile,Same Day,385,Cancelled
SHP00165,2024-05-23,2024-05-30,Individual,South,South,Document,Standard,158,Delivered
SHP00184,2024-05-23,2024-05-27,Individual,South,Central,Parcel,Standard,327,Delivered
SHP00429,2024-05-23,2024-05-25,Individual,West,North,Document,Standard,100,Delivered
SHP00688,2024-05-24,2024-05-28,Business,East,South,Fragile,Same Day,356,Delivered
SHP00791,2024-05-24,2024-05-28,Individual,South,West,Fragile,Express,421,Delivered
SHP00536,2024-05-25,2024-05-28,Business,South,East,Parcel,Standard,81,Delivered
SHP01141,2024-05-25,2024-05-26,Business,Central,North,Parcel,Express,692,Delayed
SHP01659,2024-05-25,2024-05-26,Individual,East,West,Parcel,Express,252,Delivered
SHP00959,2024-05-26,2024-05-28,Individual,Central,South,Electronics,Standard,347,Delivered
SHP00173,2024-05-26,2024-06-02,Business,East,East,Fragile,Same Day,725,Delivered
SHP00899,2024-05-27,2024-06-02,Individual,Central,South,Parcel,Standard,375,Delivered
SHP01921,2024-05-27,2024-05-29,Individual,West,South,Electronics,Express,669,Delivered
SHP01980,2024-05-28,2024-05-30,Business,East,South,Fragile,Standard,119,Delivered
SHP01026,2024-05-28,2024-05-31,Individual,Central,West,Parcel,Standard,383,Delivered
SHP01827,2024-05-28,2024-05-30,Business,East,Central,Electronics,Standard,180,Delivered
SHP01705,2024-05-28,2024-06-03,Individual,North,South,Fragile,Express,395,Delivered
SHP01740,2024-05-28,2024-05-31,Individual,Central,East,Document,Express,655,Delivered
SHP01952,2024-05-28,2024-05-30,Individual,North,Central,Document,Same Day,187,Delivered
SHP00294,2024-05-29,2024-06-03,Business,North,North,Parcel,Same Day,423,Delivered
SHP00958,2024-05-30,2024-06-01,Individual,East,South,Fragile,Standard,394,Delayed
SHP01524,2024-05-30,2024-06-03,Business,North,South,Parcel,Express,230,Delivered
SHP00182,2024-05-30,2024-06-02,Individual,West,North,Parcel,Standard,313,Failed
SHP00199,2024-05-31,2024-06-03,Business,Central,Central,Parcel,Standard,489,Delivered
SHP01436,2024-05-31,2024-06-04,Business,East,East,Parcel,Standard,337,Delivered
SHP01650,2024-05-31,2024-06-02,Individual,North,East,Parcel,Standard,319,Delivered
SHP00207,2024-06-01,2024-06-07,Individual,Central,West,Electronics,Express,395,Delivered
SHP01044,2024-06-02,2024-06-04,Business,West,North,Fragile,Express,389,Delivered
SHP00569,2024-06-02,2024-06-09,Individual,North,North,Electronics,Standard,441,Delivered
SHP00341,2024-06-02,2024-06-06,Business,South,East,Fragile,Express,286,Delivered
SHP01845,2024-06-03,2024-06-07,Individual,North,North,Parcel,Express,490,Delivered
SHP00268,2024-06-03,2024-06-10,Business,West,South,Electronics,Standard,131,Delivered
SHP01495,2024-06-04,2024-06-08,Individual,Central,East,Fragile,Express,606,Delivered
SHP00894,2024-06-04,2024-06-05,Business,North,West,Fragile,Same Day,760,Delivered
SHP01295,2024-06-05,2024-06-08,Individual,West,East,Fragile,Standard,495,Delivered
SHP00805,2024-06-05,2024-06-06,Individual,West,East,Electronics,Standard,181,Delayed
SHP00243,2024-06-06,2024-06-08,Individual,North,West,Document,Express,571,Delivered
SHP01427,2024-06-07,2024-06-14,Individual,North,North,Fragile,Express,181,Delayed
SHP01631,2024-06-07,2024-06-12,Individual,West,East,Fragile,Standard,322,Delivered
SHP00372,2024-06-08,2024-06-11,Business,South,North,Parcel,Express,473,Delayed
SHP01957,2024-06-08,2024-06-10,Individual,South,North,Document,Express,188,Delivered
SHP01704,2024-06-08,2024-06-12,Business,South,West,Parcel,Standard,167,Delivered
SHP01179,2024-06-08,2024-06-09,Individual,East,Central,Document,Standard,186,Delivered
SHP00213,2024-06-09,2024-06-11,Business,Central,South,Parcel,Standard,236,Delivered
SHP00930,2024-06-10,2024-06-15,Individual,East,North,Document,Standard,410,Delivered
SHP00056,2024-06-10,2024-06-13,Business,South,North,Parcel,Standard,427,Delivered
SHP01866,2024-06-12,2024-06-13,Individual,West,East,Fragile,Standard,255,Delayed
SHP01786,2024-06-12,2024-06-13,Individual,South,Central,Parcel,Standard,218,Delivered
SHP00948,2024-06-13,2024-06-18,Business,South,North,Electronics,Standard,366,Delayed
SHP01493,2024-06-13,2024-06-16,Individual,South,North,Document,Standard,308,Delivered
SHP01347,2024-06-14,2024-06-18,Individual,South,Central,Document,Express,412,Delivered
SHP00599,2024-06-14,2024-06-18,Individual,West,Central,Parcel,Standard,371,Failed
SHP00464,2024-06-15,2024-06-17,Individual,Central,South,Parcel,Express,315,Delivered
SHP00035,2024-06-15,2024-06-16,Individual,South,North,Fragile,Standard,215,Delivered
SHP01010,2024-06-16,2024-06-18,Business,South,West,Parcel,Standard,315,Delayed
SHP01945,2024-06-17,2024-06-18,Individual,South,South,Parcel,Standard,190,Delivered
SHP01189,2024-06-18,2024-06-24,Individual,East,East,Electronics,Standard,267,Delivered
SHP00452,2024-06-18,2024-06-20,Individual,North,West,Parcel,Standard,191,Failed
SHP00754,2024-06-20,2024-06-22,Individual,West,West,Parcel,Express,120,Delivered
SHP01056,2024-06-20,2024-06-27,Individual,Central,Central,Document,Standard,477,Delivered
SHP00488,2024-06-21,2024-06-26,Individual,North,South,Parcel,Standard,201,Delivered
SHP00468,2024-06-21,2024-06-22,Individual,South,Central,Fragile,Standard,376,Cancelled
SHP00734,2024-06-21,2024-06-22,Business,East,West,Parcel,Standard,383,Failed
SHP01864,2024-06-21,2024-06-23,Individual,West,West,Parcel,Standard,473,Delivered
SHP00538,2024-06-25,2024-06-28,Business,East,North,Parcel,Express,206,Delivered
SHP00420,2024-06-25,2024-06-28,Individual,South,East,Fragile,Express,399,Delivered
SHP00888,2024-06-25,2024-06-26,Individual,South,East,Electronics,Standard,351,Delivered
SHP00252,2024-06-29,2024-07-01,Business,Central,North,Document,Standard,94,Delivered
SHP00949,2024-06-30,2024-07-04,Business,North,South,Fragile,Standard,356,Cancelled
SHP01965,2024-07-01,2024-07-03,Individual,East,East,Parcel,Standard,192,Delivered
SHP01874,2024-07-01,2024-07-05,Individual,North,North,Document,Express,188,Delivered
SHP01104,2024-07-01,2024-07-07,Individual,East,East,Document,Express,525,Delivered
SHP00609,2024-07-02,2024-07-03,Individual,North,North,Electronics,Standard,258,Delivered
SHP01446,2024-07-04,2024-07-09,Individual,East,North,Fragile,Express,469,Delivered
SHP00167,2024-07-05,2024-07-06,Individual,South,East,Parcel,Standard,329,Delivered
SHP01150,2024-07-05,2024-07-07,Business,South,East,Fragile,Same Day,686,Delivered
SHP01029,2024-07-05,2024-07-11,Individual,South,West,Parcel,Same Day,155,Delivered
SHP01099,2024-07-06,2024-07-09,Individual,North,East,Parcel,Standard,276,Delivered
SHP00071,2024-07-06,2024-07-10,Business,North,South,Parcel,Standard,299,Delivered
SHP00026,2024-07-08,2024-07-13,Business,South,East,Document,Same Day,562,Delivered
SHP00479,2024-07-08,2024-07-11,Business,East,South,Parcel,Standard,439,Delivered
SHP01949,2024-07-08,2024-07-09,Individual,East,West,Fragile,Same Day,148,Delivered
SHP00132,2024-07-08,2024-07-10,Individual,North,South,Electronics,Standard,310,Cancelled
SHP01828,2024-07-08,2024-07-09,Individual,Central,West,Fragile,Same Day,277,Delivered
SHP00256,2024-07-09,2024-07-13,Business,West,Central,Parcel,Standard,372,Delivered
SHP01222,2024-07-09,2024-07-11,Individual,South,West,Parcel,Express,398,Delivered
SHP00403,2024-07-10,2024-07-17,Individual,East,East,Parcel,Standard,444,Delivered
SHP01887,2024-07-10,2024-07-16,Individual,East,North,Document,Express,116,Delivered
SHP01261,2024-07-10,2024-07-12,Individual,North,East,Parcel,Standard,104,Delivered
SHP00730,2024-07-12,2024-07-17,Individual,Central,East,Document,Standard,146,Delivered
SHP00920,2024-07-12,2024-07-15,Individual,Central,Central,Fragile,Standard,402,Delivered
SHP01370,2024-07-12,2024-07-15,Business,North,South,Document,Standard,300,Failed
SHP00811,2024-07-14,2024-07-15,Business,East,West,Document,Express,430,Delivered
SHP00797,2024-07-16,2024-07-22,Individual,Central,East,Fragile,Standard,376,Delivered
SHP00162,2024-07-16,2024-07-18,Business,West,West,Electronics,Standard,278,Delivered
SHP01507,2024-07-16,2024-07-23,Business,Central,Central,Parcel,Standard,451,Delayed
SHP01319,2024-07-17,2024-07-22,Individual,West,East,Parcel,Standard,125,Delivered
SHP01903,2024-07-18,2024-07-20,Individual,Central,West,Electronics,Standard,138,Delivered
SHP01043,2024-07-19,2024-07-21,Business,Central,North,Parcel,Standard,477,Delayed
SHP00090,2024-07-19,2024-07-21,Individual,East,South,Fragile,Standard,273,Delivered
SHP00868,2024-07-20,2024-07-23,Individual,North,Central,Document,Express,329,Delivered
SHP00057,2024-07-20,2024-07-25,Individual,East,North,Parcel,Standard,333,Delivered
SHP00492,2024-07-21,2024-07-24,Business,Central,South,Document,Standard,428,Delayed
SHP01988,2024-07-21,2024-07-25,Business,East,South,Parcel,Standard,341,Delivered
SHP00155,2024-07-21,2024-07-25,Individual,Central,East,Electronics,Express,260,Delayed
SHP00615,2024-07-23,2024-07-26,Individual,South,South,Parcel,Standard,176,Delivered
SHP00049,2024-07-24,2024-07-28,Business,West,North,Parcel,Standard,407,Delivered
SHP01329,2024-07-24,2024-07-30,Individual,North,North,Document,Same Day,711,Delivered
SHP00111,2024-07-25,2024-07-28,Individual,North,North,Parcel,Express,202,Delayed
SHP01391,2024-07-26,2024-07-30,Individual,North,Central,Parcel,Standard,314,Delivered
SHP00197,2024-07-26,2024-07-28,Individual,West,East,Document,Standard,444,Delivered
SHP01722,2024-07-26,2024-07-29,Business,Central,East,Electronics,Standard,290,Delayed
SHP01312,2024-07-26,2024-07-27,Individual,West,West,Fragile,Express,609,Delivered
SHP01270,2024-07-28,2024-08-01,Business,West,North,Parcel,Standard,413,Delivered
SHP01997,2024-07-31,2024-08-03,Individual,West,West,Parcel,Standard,98,Delivered
SHP01860,2024-07-31,2024-08-02,Individual,North,North,Parcel,Express,561,Delivered
SHP01353,2024-08-01,2024-08-03,Business,North,West,Document,Standard,120,Failed
SHP00646,2024-08-01,2024-08-05,Individual,East,East,Fragile,Standard,311,Delivered
SHP00906,2024-08-02,2024-08-05,Individual,East,Central,Document,Standard,428,Delivered
SHP01177,2024-08-03,2024-08-05,Individual,Central,South,Electronics,Standard,363,Delivered
SHP00818,2024-08-03,2024-08-04,Business,East,North,Electronics,Express,308,Delivered
SHP01212,2024-08-03,2024-08-04,Individual,East,East,Parcel,Same Day,166,Delivered
SHP01067,2024-08-03,2024-08-06,Individual,West,Central,Parcel,Express,487,Delayed
SHP00411,2024-08-04,2024-08-05,Individual,West,North,Fragile,Standard,272,Failed
SHP00069,2024-08-04,2024-08-07,Individual,East,Central,Document,Standard,469,Delivered
SHP01946,2024-08-04,2024-08-08,Business,West,North,Fragile,Express,619,Failed
SHP01519,2024-08-04,2024-08-09,Business,East,West,Electronics,Express,694,Delivered
SHP00460,2024-08-04,2024-08-08,Individual,East,North,Parcel,Standard,465,Delivered
SHP00352,2024-08-05,2024-08-06,Individual,South,Central,Parcel,Standard,314,Delivered
SHP01163,2024-08-05,2024-08-08,Individual,Central,East,Document,Express,382,Delivered
SHP00840,2024-08-05,2024-08-07,Business,Central,East,Parcel,Same Day,810,Delivered
SHP00148,2024-08-07,2024-08-09,Individual,North,East,Document,Express,207,Cancelled
SHP01383,2024-08-10,2024-08-13,Business,North,East,Parcel,Express,164,Delivered
SHP00537,2024-08-11,2024-08-16,Individual,East,South,Parcel,Standard,291,Delivered
SHP01205,2024-08-11,2024-08-12,Individual,Central,South,Parcel,Express,154,Delivered
SHP01365,2024-08-12,2024-08-14,Individual,Central,West,Document,Express,279,Delivered
SHP00738,2024-08-12,2024-08-15,Business,East,South,Parcel,Express,357,Delayed
SHP01157,2024-08-13,2024-08-20,Individual,West,West,Electronics,Express,634,Delivered
SHP01161,2024-08-13,2024-08-17,Business,North,West,Document,Same Day,427,Delivered
SHP00231,2024-08-13,2024-08-18,Business,Central,East,Document,Standard,84,Delivered
SHP00694,2024-08-15,2024-08-19,Individual,East,East,Fragile,Standard,471,Delivered
SHP00817,2024-08-15,2024-08-21,Business,Central,West,Fragile,Standard,397,Delivered
SHP00717,2024-08-16,2024-08-19,Individual,East,Central,Fragile,Express,692,Delivered
SHP00227,2024-08-17,2024-08-19,Individual,Central,East,Parcel,Express,448,Delivered
SHP00120,2024-08-18,2024-08-19,Individual,West,East,Parcel,Express,680,Failed
SHP01469,2024-08-18,2024-08-21,Business,East,West,Parcel,Same Day,337,Delivered
SHP00085,2024-08-18,2024-08-22,Individual,East,South,Document,Express,144,Delivered
SHP01923,2024-08-19,2024-08-23,Individual,South,North,Fragile,Express,134,Delivered
SHP01896,2024-08-19,2024-08-20,Individual,South,North,Parcel,Express,340,Delivered
SHP00638,2024-08-20,2024-08-23,Individual,East,South,Parcel,Standard,220,Delivered
SHP00691,2024-08-20,2024-08-22,Individual,West,West,Document,Express,435,Delivered
SHP00444,2024-08-22,2024-08-23,Business,West,South,Document,Express,420,Delayed
SHP01992,2024-08-22,2024-08-25,Individual,South,South,Document,Express,391,Delivered
SHP00577,2024-08-23,2024-08-27,Individual,North,North,Electronics,Express,454,Delivered
SHP01987,2024-08-23,2024-08-25,Business,Central,Central,Parcel,Standard,255,Delivered
SHP00763,2024-08-23,2024-08-24,Individual,West,West,Parcel,Express,669,Delivered
SHP00988,2024-08-24,2024-08-26,Individual,West,Central,Electronics,Standard,100,Delivered
SHP01733,2024-08-24,2024-08-26,Business,Central,East,Parcel,Standard,309,Delayed
SHP01791,2024-08-25,2024-08-29,Individual,Central,South,Document,Express,529,Delivered
SHP01984,2024-08-25,2024-08-26,Business,North,Central,Document,Express,475,Delivered
SHP00647,2024-08-26,2024-08-30,Individual,North,Central,Parcel,Express,235,Delivered
SHP01861,2024-08-29,2024-08-31,Individual,Central,South,Document,Express,560,Delivered
SHP01662,2024-08-29,2024-08-31,Individual,Central,East,Fragile,Standard,108,Cancelled
SHP01363,2024-08-29,2024-08-31,Individual,West,North,Parcel,Standard,300,Delivered
SHP01517,2024-08-29,2024-09-03,Business,South,Central,Electronics,Express,420,Delivered
SHP00040,2024-08-29,2024-09-03,Business,South,Central,Document,Standard,423,Delivered
SHP01895,2024-08-29,2024-09-04,Individual,Central,Central,Parcel,Express,120,Failed
SHP00714,2024-08-30,2024-09-02,Individual,North,West,Electronics,Standard,253,Delayed
SHP01765,2024-08-31,2024-09-02,Individual,Central,North,Parcel,Express,449,Failed
SHP00873,2024-08-31,2024-09-03,Business,Central,South,Electronics,Standard,421,Delivered
SHP01127,2024-09-01,2024-09-05,Individual,West,South,Document,Express,641,Delivered
SHP01853,2024-09-02,2024-09-09,Individual,West,West,Electronics,Standard,263,Delivered
SHP00271,2024-09-02,2024-09-08,Individual,Central,Central,Fragile,Express,619,Delivered
SHP00153,2024-09-03,2024-09-05,Business,Central,West,Document,Standard,482,Delivered
SHP00340,2024-09-03,2024-09-08,Business,East,South,Electronics,Standard,310,Delivered
SHP00644,2024-09-05,2024-09-12,Business,North,East,Parcel,Express,304,Delivered
SHP00598,2024-09-05,2024-09-10,Business,East,Central,Document,Express,654,Delivered
SHP00570,2024-09-06,2024-09-09,Business,North,West,Fragile,Same Day,736,Delivered
SHP01081,2024-09-06,2024-09-08,Individual,South,Central,Fragile,Express,329,Delivered
SHP01119,2024-09-07,2024-09-10,Business,West,South,Parcel,Express,263,Delivered
SHP01387,2024-09-07,2024-09-10,Individual,South,West,Fragile,Standard,131,Delivered
SHP00257,2024-09-09,2024-09-11,Individual,South,Central,Parcel,Express,403,Delivered
SHP00018,2024-09-09,2024-09-13,Individual,South,North,Fragile,Standard,356,Cancelled
SHP01784,2024-09-09,2024-09-13,Individual,Central,South,Electronics,Standard,409,Delayed
SHP00191,2024-09-10,2024-09-14,Business,Central,Central,Document,Standard,439,Delivered
SHP00204,2024-09-10,2024-09-14,Business,North,North,Fragile,Express,129,Delivered
SHP01812,2024-09-10,2024-09-14,Individual,North,West,Document,Standard,407,Delivered
SHP00525,2024-09-12,2024-09-16,Individual,South,North,Electronics,Standard,483,Delivered
SHP01989,2024-09-12,2024-09-18,Individual,Central,North,Parcel,Standard,331,Cancelled
SHP00369,2024-09-14,2024-09-17,Individual,West,South,Electronics,Standard,264,Delivered
SHP00749,2024-09-15,2024-09-20,Business,South,East,Fragile,Standard,445,Delivered
SHP01167,2024-09-15,2024-09-21,Business,East,North,Electronics,Standard,500,Delivered
SHP00753,2024-09-17,2024-09-20,Business,South,Central,Parcel,Same Day,583,Delivered
SHP00971,2024-09-17,2024-09-18,Individual,West,Central,Document,Standard,179,Delivered
SHP01475,2024-09-17,2024-09-20,Business,North,North,Document,Standard,294,Delivered
SHP01761,2024-09-18,2024-09-20,Business,Central,North,Parcel,Express,294,Delivered
SHP01830,2024-09-19,2024-09-22,Business,Central,South,Parcel,Express,402,Delivered
SHP00183,2024-09-19,2024-09-20,Individual,Central,South,Parcel,Express,657,Delayed
SHP01680,2024-09-19,2024-09-22,Business,East,West,Parcel,Express,246,Delivered
SHP00305,2024-09-20,2024-09-27,Individual,North,East,Document,Standard,304,Delayed
SHP00424,2024-09-21,2024-09-24,Individual,South,West,Parcel,Standard,390,Delivered
SHP01132,2024-09-22,2024-09-23,Individual,South,South,Document,Standard,256,Delayed
SHP01782,2024-09-22,2024-09-26,Business,West,Central,Parcel,Express,585,Delivered
SHP01012,2024-09-24,2024-09-25,Individual,West,West,Fragile,Standard,98,Delivered
SHP00575,2024-09-24,2024-09-26,Business,North,North,Parcel,Express,542,Delivered
SHP00318,2024-09-25,2024-09-30,Individual,Central,West,Parcel,Express,153,Failed
SHP00059,2024-09-26,2024-09-30,Individual,South,South,Parcel,Standard,413,Delivered
SHP01482,2024-09-26,2024-10-01,Business,North,South,Fragile,Standard,433,Delivered
SHP00770,2024-09-26,2024-10-02,Business,Central,North,Fragile,Standard,439,Delivered
SHP01130,2024-09-28,2024-10-03,Individual,Central,Central,Document,Standard,431,Delayed
SHP01963,2024-09-29,2024-10-03,Business,West,East,Electronics,Same Day,493,Delivered
SHP01344,2024-09-30,2024-10-02,Individual,South,Central,Parcel,Standard,446,Delivered
SHP01060,2024-10-01,2024-10-04,Individual,North,West,Parcel,Standard,209,Delayed
SHP01515,2024-10-02,2024-10-05,Individual,Central,South,Parcel,Standard,112,Delivered
SHP00706,2024-10-03,2024-10-05,Business,South,Central,Parcel,Standard,481,Delivered
SHP01922,2024-10-03,2024-10-08,Business,East,Central,Parcel,Same Day,774,Delivered
SHP00015,2024-10-03,2024-10-05,Individual,South,Central,Electronics,Standard,118,Delayed
SHP01257,2024-10-04,2024-10-07,Individual,Central,North,Parcel,Standard,221,Delayed
SHP00410,2024-10-05,2024-10-10,Business,South,West,Fragile,Standard,322,Delivered
SHP00160,2024-10-06,2024-10-10,Individual,West,East,Parcel,Standard,144,Delayed
SHP00249,2024-10-06,2024-10-11,Business,East,Central,Fragile,Standard,360,Delivered
SHP00625,2024-10-07,2024-10-13,Individual,East,East,Document,Express,566,Delivered
SHP01502,2024-10-08,2024-10-13,Individual,North,South,Document,Standard,157,Delivered
SHP02000,2024-10-09,2024-10-11,Individual,West,South,Parcel,Standard,473,Delivered
SHP00233,2024-10-10,2024-10-13,Business,North,North,Electronics,Express,545,Delivered
SHP01274,2024-10-11,2024-10-13,Business,West,East,Parcel,Express,343,Delivered
SHP00889,2024-10-11,2024-10-15,Individual,Central,East,Parcel,Standard,258,Delivered
SHP00912,2024-10-11,2024-10-12,Individual,East,South,Fragile,Express,497,Delivered
SHP00379,2024-10-11,2024-10-14,Individual,East,South,Parcel,Standard,381,Delivered
SHP00914,2024-10-12,2024-10-15,Individual,West,West,Electronics,Standard,376,Delivered
SHP01739,2024-10-12,2024-10-15,Business,Central,West,Fragile,Standard,432,Delivered
SHP01719,2024-10-13,2024-10-19,Business,South,South,Parcel,Standard,216,Delivered
SHP01479,2024-10-13,2024-10-15,Business,East,North,Fragile,Same Day,671,Delivered
SHP01816,2024-10-13,2024-10-18,Business,North,Central,Parcel,Same Day,772,Delivered
SHP01687,2024-10-14,2024-10-16,Individual,North,West,Parcel,Express,132,Delivered
SHP01411,2024-10-14,2024-10-17,Individual,North,South,Parcel,Standard,448,Delivered
SHP00810,2024-10-15,2024-10-18,Individual,North,Central,Electronics,Standard,457,Delivered
SHP00083,2024-10-15,2024-10-20,Individual,Central,South,Electronics,Standard,247,Delivered
SHP01575,2024-10-17,2024-10-20,Individual,South,West,Parcel,Express,650,Delivered
SHP01621,2024-10-17,2024-10-23,Individual,East,West,Parcel,Express,333,Delivered
SHP01461,2024-10-19,2024-10-23,Individual,South,West,Electronics,Standard,497,Delivered
SHP01142,2024-10-19,2024-10-21,Business,West,South,Parcel,Express,342,Delivered
SHP00159,2024-10-20,2024-10-21,Individual,Central,North,Parcel,Standard,220,Delivered
SHP01238,2024-10-21,2024-10-28,Individual,East,Central,Fragile,Same Day,882,Delayed
SHP01444,2024-10-21,2024-10-23,Business,Central,East,Parcel,Standard,252,Delivered
SHP01047,2024-10-22,2024-10-25,Individual,South,South,Document,Standard,338,Delayed
SHP00782,2024-10-22,2024-10-26,Business,East,South,Parcel,Standard,123,Delivered
SHP00063,2024-10-22,2024-10-23,Business,East,West,Document,Express,668,Delivered
SHP01635,2024-10-24,2024-10-28,Business,South,West,Parcel,Standard,140,Delivered
SHP01477,2024-10-27,2024-10-29,Individual,North,East,Parcel,Express,146,Delivered
SHP00837,2024-10-28,2024-10-30,Business,North,South,Electronics,Standard,213,Delivered
SHP00251,2024-10-28,2024-11-01,Business,East,North,Parcel,Express,452,Delivered
SHP01983,2024-10-28,2024-11-01,Business,Central,North,Fragile,Standard,470,Delivered
SHP01685,2024-10-28,2024-10-30,Individual,West,West,Parcel,Standard,212,Delivered
SHP01539,2024-10-29,2024-11-01,Individual,Central,West,Document,Standard,386,Delivered
SHP00659,2024-10-29,2024-11-05,Individual,West,East,Document,Standard,269,Delivered
SHP01303,2024-10-29,2024-10-30,Individual,North,West,Document,Standard,228,Delivered
SHP01591,2024-10-30,2024-11-02,Individual,East,North,Electronics,Express,480,Delayed
SHP01494,2024-10-31,2024-11-03,Individual,West,Central,Fragile,Express,238,Cancelled
SHP01573,2024-10-31,2024-11-03,Business,South,South,Electronics,Express,659,Delayed
SHP00297,2024-10-31,2024-11-01,Individual,East,West,Document,Express,125,Delivered
SHP01271,2024-11-01,2024-11-04,Individual,East,East,Document,Standard,132,Delivered
SHP01412,2024-11-02,2024-11-07,Individual,East,East,Document,Express,596,Delivered
SHP01873,2024-11-03,2024-11-09,Individual,Central,West,Document,Same Day,889,Delivered
SHP01526,2024-11-03,2024-11-07,Individual,West,North,Document,Standard,121,Failed
SHP01409,2024-11-04,2024-11-06,Business,North,North,Parcel,Express,326,Failed
SHP01115,2024-11-06,2024-11-09,Business,South,Central,Fragile,Standard,317,Delivered
SHP01536,2024-11-06,2024-11-10,Business,South,East,Electronics,Standard,496,Delivered
SHP01760,2024-11-06,2024-11-08,Business,South,South,Parcel,Express,573,Delivered
SHP01721,2024-11-06,2024-11-11,Individual,West,Central,Parcel,Standard,483,Delivered
SHP01416,2024-11-07,2024-11-10,Individual,East,Central,Parcel,Express,402,Delivered
SHP01633,2024-11-07,2024-11-09,Individual,West,West,Electronics,Standard,491,Delivered
SHP00869,2024-11-08,2024-11-11,Business,West,East,Parcel,Standard,455,Delayed
SHP01489,2024-11-08,2024-11-11,Individual,North,South,Fragile,Standard,223,Delivered
SHP00935,2024-11-08,2024-11-14,Business,South,South,Document,Standard,130,Delivered
SHP00295,2024-11-09,2024-11-14,Business,South,Central,Fragile,Express,230,Delivered
SHP00703,2024-11-10,2024-11-13,Business,East,South,Electronics,Express,266,Delivered
SHP00038,2024-11-11,2024-11-15,Business,East,Central,Parcel,Standard,455,Delivered
SHP01379,2024-11-12,2024-11-15,Business,North,Central,Parcel,Express,311,Delayed
SHP01126,2024-11-13,2024-11-18,Individual,West,North,Parcel,Standard,330,Delivered
SHP01465,2024-11-13,2024-11-15,Business,North,North,Fragile,Standard,217,Delayed
SHP01206,2024-11-13,2024-11-15,Individual,West,Central,Electronics,Standard,276,Delivered
SHP00762,2024-11-13,2024-11-17,Individual,North,West,Document,Express,140,Delivered
SHP00138,2024-11-13,2024-11-15,Individual,North,East,Fragile,Standard,358,Delayed
SHP00746,2024-11-15,2024-11-20,Individual,Central,West,Document,Express,379,Delivered
SHP00757,2024-11-16,2024-11-17,Individual,North,West,Document,Express,235,Delivered
SHP00283,2024-11-16,2024-11-17,Individual,Central,East,Electronics,Standard,217,Failed
SHP01738,2024-11-16,2024-11-19,Business,North,East,Parcel,Standard,480,Failed
SHP00822,2024-11-19,2024-11-21,Individual,South,South,Parcel,Express,239,Cancelled
SHP01611,2024-11-19,2024-11-22,Business,Central,West,Document,Same Day,342,Delivered
SHP01140,2024-11-19,2024-11-21,Business,West,West,Parcel,Same Day,686,Delivered
SHP00735,2024-11-21,2024-11-23,Individual,North,North,Electronics,Standard,405,Delivered
SHP00904,2024-11-22,2024-11-25,Individual,North,East,Document,Standard,259,Cancelled
SHP00938,2024-11-23,2024-11-28,Individual,West,South,Electronics,Standard,208,Delivered
SHP01585,2024-11-23,2024-11-29,Individual,East,West,Document,Standard,147,Delivered
SHP01196,2024-11-23,2024-11-26,Business,South,East,Document,Standard,240,Delivered
SHP00758,2024-11-24,2024-11-25,Business,West,Central,Parcel,Express,358,Delivered
SHP01939,2024-11-24,2024-11-25,Individual,Central,Central,Fragile,Standard,417,Cancelled
SHP01182,2024-11-24,2024-11-28,Individual,South,North,Document,Standard,309,Delivered
SHP01065,2024-11-25,2024-11-26,Individual,South,West,Document,Express,316,Delivered
SHP00956,2024-11-25,2024-11-28,Individual,East,North,Parcel,Express,174,Delivered
SHP00006,2024-11-26,2024-11-30,Individual,North,East,Parcel,Standard,140,Delayed
SHP00764,2024-11-29,2024-12-01,Individual,Central,East,Parcel,Same Day,373,Failed
SHP01498,2024-11-29,2024-12-04,Business,South,East,Parcel,Standard,348,Delivered
SHP01458,2024-11-29,2024-12-03,Business,West,North,Parcel,Express,447,Delivered
SHP01442,2024-11-30,2024-12-02,Business,East,Central,Fragile,Express,377,Delivered
SHP01254,2024-11-30,2024-12-03,Individual,Central,South,Fragile,Standard,193,Delivered
SHP01083,2024-11-30,2024-12-01,Individual,South,North,Document,Standard,397,Cancelled
SHP00368,2024-12-01,2024-12-04,Business,Central,South,Parcel,Express,427,Delivered
SHP01606,2024-12-01,2024-12-05,Individual,West,South,Parcel,Standard,156,Delivered
SHP01789,2024-12-01,2024-12-05,Individual,West,Central,Fragile,Express,561,Delayed
SHP01213,2024-12-01,2024-12-05,Business,Central,North,Parcel,Standard,83,Delayed
SHP00653,2024-12-02,2024-12-05,Individual,South,South,Parcel,Same Day,778,Delivered
SHP01863,2024-12-03,2024-12-09,Individual,South,West,Parcel,Express,549,Delivered
SHP00065,2024-12-03,2024-12-06,Individual,North,North,Fragile,Standard,129,Delivered
SHP00178,2024-12-03,2024-12-06,Individual,North,East,Fragile,Express,522,Delivered
SHP00210,2024-12-03,2024-12-06,Individual,South,East,Fragile,Express,323,Delivered
SHP01345,2024-12-03,2024-12-06,Individual,South,East,Document,Same Day,731,Delivered
SHP01068,2024-12-04,2024-12-06,Individual,South,Central,Document,Express,297,Delivered
SHP00457,2024-12-04,2024-12-08,Individual,South,East,Electronics,Standard,425,Delivered
SHP01135,2024-12-05,2024-12-10,Business,South,West,Parcel,Express,178,Delayed
SHP01754,2024-12-06,2024-12-09,Business,West,South,Document,Standard,465,Delivered
SHP00355,2024-12-06,2024-12-09,Individual,East,East,Parcel,Same Day,671,Delivered
SHP01764,2024-12-07,2024-12-09,Individual,North,Central,Fragile,Express,476,Delivered
SHP01006,2024-12-07,2024-12-12,Business,East,Central,Fragile,Standard,369,Delivered
SHP01711,2024-12-07,2024-12-11,Individual,South,Central,Parcel,Express,346,Delivered
SHP00900,2024-12-07,2024-12-14,Business,East,North,Parcel,Standard,402,Cancelled
SHP01596,2024-12-08,2024-12-09,Individual,East,East,Document,Standard,138,Delivered
SHP00011,2024-12-09,2024-12-10,Business,North,West,Electronics,Standard,162,Delivered
SHP01543,2024-12-10,2024-12-15,Individual,South,Central,Electronics,Express,207,Delivered
SHP01819,2024-12-10,2024-12-12,Business,East,South,Fragile,Express,223,Delivered
SHP00640,2024-12-11,2024-12-13,Individual,East,East,Document,Standard,465,Cancelled
SHP00185,2024-12-11,2024-12-13,Individual,Central,East,Parcel,Standard,469,Delayed
SHP00836,2024-12-11,2024-12-13,Individual,East,East,Document,Standard,200,Delivered
SHP00879,2024-12-12,2024-12-15,Individual,South,South,Parcel,Express,389,Delivered
SHP01734,2024-12-13,2024-12-18,Individual,Central,Central,Document,Standard,492,Delayed
SHP00478,2024-12-13,2024-12-18,Individual,North,West,Parcel,Express,539,Delivered
SHP01207,2024-12-14,2024-12-15,Individual,South,West,Fragile,Standard,311,Delivered
SHP01321,2024-12-14,2024-12-16,Individual,West,Central,Parcel,Express,528,Delivered
SHP00649,2024-12-15,2024-12-16,Individual,South,North,Parcel,Standard,215,Delivered
SHP01628,2024-12-15,2024-12-19,Individual,East,West,Parcel,Express,297,Delivered
SHP00710,2024-12-15,2024-12-19,Individual,West,West,Parcel,Express,475,Delivered
SHP01932,2024-12-15,2024-12-17,Individual,East,Central,Parcel,Standard,147,Delayed
SHP01958,2024-12-16,2024-12-22,Individual,North,North,Parcel,Standard,242,Cancelled
SHP01215,2024-12-18,2024-12-20,Individual,West,East,Parcel,Express,438,Delivered
SHP01424,2024-12-18,2024-12-22,Individual,East,South,Parcel,Standard,126,Delivered
SHP01692,2024-12-18,2024-12-22,Individual,South,Central,Parcel,Same Day,704,Delivered
SHP01715,2024-12-19,2024-12-20,Business,South,South,Electronics,Express,319,Delivered
SHP00848,2024-12-21,2024-12-26,Business,North,North,Fragile,Express,232,Delivered
SHP01236,2024-12-21,2024-12-24,Business,North,Central,Document,Express,157,Delivered
SHP01221,2024-12-21,2024-12-27,Individual,South,West,Electronics,Standard,385,Delayed
SHP00357,2024-12-22,2024-12-27,Individual,West,West,Parcel,Express,217,Delayed
SHP00502,2024-12-23,2024-12-25,Individual,East,East,Document,Standard,344,Delivered
SHP01241,2024-12-25,2024-12-29,Individual,South,North,Parcel,Express,552,Delivered
SHP01937,2024-12-25,2024-12-27,Individual,West,West,Parcel,Standard,392,Delivered
SHP00623,2024-12-25,2024-12-28,Individual,Central,South,Parcel,Standard,330,Delivered
SHP01549,2024-12-26,2024-12-27,Business,Central,West,Parcel,Standard,225,Delayed
SHP01753,2024-12-26,2024-12-29,Individual,Central,North,Fragile,Standard,344,Delivered
SHP01219,2024-12-28,2025-01-03,Individual,North,West,Parcel,Standard,362,Delivered
SHP00676,2024-12-28,2025-01-01,Individual,South,East,Document,Express,438,Delivered
SHP01234,2024-12-28,2025-01-02,Individual,Central,East,Document,Express,181,Delivered
SHP00838,2024-12-28,2024-12-31,Business,North,North,Parcel,Standard,385,Delayed
SHP01106,2024-12-29,2025-01-02,Business,South,North,Document,Same Day,376,Delivered
SHP01598,2024-12-29,2025-01-01,Business,West,Central,Document,Standard,129,Delivered
SHP01737,2024-12-29,2025-01-04,Business,East,Central,Parcel,Standard,444,Delivered
SHP01041,2024-12-30,2025-01-04,Individual,West,South,Document,Standard,87,Failed
SHP01246,2024-12-30,2024-12-31,Business,North,East,Electronics,Express,325,Delivered
SHP00667,2024-12-30,2024-12-31,Individual,West,North,Parcel,Express,388,Delivered
SHP01924,2024-12-31,2025-01-04,Individual,North,East,Parcel,Same Day,394,Delayed
SHP01936,2025-01-02,2025-01-06,Individual,East,Central,Document,Standard,476,Delivered
SHP01951,2025-01-04,2025-01-08,Individual,West,East,Fragile,Standard,483,Delivered
SHP00319,2025-01-04,2025-01-05,Individual,West,East,Parcel,Same Day,158,Delayed
SHP00864,2025-01-05,2025-01-12,Individual,Central,East,Parcel,Standard,239,Cancelled
SHP01092,2025-01-06,2025-01-08,Individual,South,South,Fragile,Express,358,Delivered
SHP00505,2025-01-07,2025-01-08,Business,South,South,Fragile,Express,615,Delivered
SHP01618,2025-01-07,2025-01-11,Individual,South,West,Fragile,Standard,413,Delayed
SHP01070,2025-01-08,2025-01-11,Individual,North,West,Fragile,Standard,102,Delivered
SHP00534,2025-01-08,2025-01-09,Individual,East,West,Electronics,Standard,107,Delayed
SHP01955,2025-01-08,2025-01-10,Individual,South,North,Electronics,Express,196,Failed
SHP01529,2025-01-09,2025-01-14,Individual,West,West,Parcel,Standard,112,Delivered
SHP01460,2025-01-09,2025-01-11,Individual,West,South,Fragile,Standard,218,Delivered
SHP00765,2025-01-10,2025-01-15,Individual,Central,Central,Fragile,Standard,274,Delivered
SHP01139,2025-01-10,2025-01-12,Individual,West,East,Parcel,Express,409,Delivered
SHP01131,2025-01-11,2025-01-14,Individual,Central,East,Fragile,Standard,137,Delivered
SHP01324,2025-01-12,2025-01-15,Business,Central,Central,Parcel,Same Day,652,Delayed
SHP01947,2025-01-12,2025-01-17,Business,Central,North,Parcel,Standard,437,Delivered
SHP01647,2025-01-12,2025-01-15,Business,East,North,Parcel,Express,556,Delivered
SHP00084,2025-01-13,2025-01-17,Individual,Central,East,Parcel,Standard,447,Delivered
SHP00072,2025-01-14,2025-01-18,Business,West,West,Document,Same Day,743,Delivered
SHP00375,2025-01-14,2025-01-17,Individual,West,West,Parcel,Express,529,Delayed
SHP01466,2025-01-15,2025-01-17,Individual,West,South,Parcel,Standard,383,Delivered
SHP01792,2025-01-15,2025-01-16,Individual,North,East,Parcel,Same Day,889,Delivered
SHP01278,2025-01-15,2025-01-16,Business,South,South,Fragile,Express,204,Delayed
SHP01709,2025-01-15,2025-01-19,Business,North,South,Fragile,Express,365,Delivered
SHP01821,2025-01-16,2025-01-19,Business,South,East,Parcel,Express,682,Delivered
SHP01388,2025-01-17,2025-01-18,Individual,West,South,Electronics,Standard,80,Delivered
SHP01525,2025-01-18,2025-01-21,Business,East,South,Parcel,Standard,168,Delayed
SHP00150,2025-01-19,2025-01-22,Individual,East,Central,Fragile,Express,426,Delivered
SHP00546,2025-01-19,2025-01-20,Individual,North,North,Parcel,Standard,454,Delivered
SHP01851,2025-01-20,2025-01-27,Individual,North,West,Document,Express,199,Delayed
SHP00013,2025-01-20,2025-01-25,Individual,North,North,Parcel,Standard,446,Delayed
SHP00876,2025-01-20,2025-01-22,Business,North,South,Parcel,Standard,443,Delivered
SHP01338,2025-01-20,2025-01-23,Individual,North,North,Parcel,Express,648,Delivered
SHP01320,2025-01-21,2025-01-26,Individual,West,South,Parcel,Standard,128,Delivered
SHP00477,2025-01-21,2025-01-24,Individual,West,North,Fragile,Express,249,Delayed
SHP00036,2025-01-22,2025-01-26,Individual,South,South,Fragile,Standard,492,Delivered
SHP01136,2025-01-23,2025-01-30,Individual,North,South,Document,Standard,380,Cancelled
SHP00578,2025-01-23,2025-01-25,Individual,North,Central,Parcel,Express,517,Delivered
SHP00523,2025-01-24,2025-01-27,Individual,North,South,Document,Express,280,Delayed
SHP01809,2025-01-24,2025-01-26,Business,West,South,Parcel,Standard,285,Failed
SHP01082,2025-01-25,2025-01-27,Individual,North,West,Parcel,Express,269,Delivered
SHP00799,2025-01-25,2025-01-29,Business,Central,South,Fragile,Standard,107,Delivered
SHP00081,2025-01-26,2025-01-28,Business,North,South,Document,Express,113,Delivered
SHP01889,2025-01-27,2025-02-01,Individual,Central,South,Electronics,Standard,119,Delivered
SHP00110,2025-01-27,2025-01-30,Individual,South,South,Fragile,Standard,359,Delayed
SHP01340,2025-01-29,2025-01-31,Business,Central,South,Fragile,Standard,137,Delivered
SHP01871,2025-01-29,2025-01-31,Individual,North,West,Parcel,Standard,283,Delivered
SHP00970,2025-01-30,2025-02-02,Individual,South,West,Parcel,Standard,441,Delivered
SHP00839,2025-01-30,2025-02-01,Business,Central,West,Fragile,Express,402,Delivered
SHP00432,2025-01-30,2025-02-01,Individual,Central,North,Parcel,Express,325,Delivered
SHP00421,2025-01-30,2025-02-02,Individual,East,Central,Fragile,Standard,393,Delivered
SHP00417,2025-01-31,2025-02-03,Individual,Central,Central,Parcel,Standard,463,Delivered
SHP01291,2025-01-31,2025-02-03,Business,South,West,Electronics,Standard,258,Delivered
SHP00380,2025-01-31,2025-02-04,Individual,East,Central,Electronics,Express,511,Delivered
SHP01561,2025-01-31,2025-02-01,Individual,West,Central,Electronics,Express,413,Delivered
SHP01884,2025-01-31,2025-02-01,Business,Central,South,Parcel,Express,370,Cancelled
SHP00107,2025-02-01,2025-02-06,Individual,Central,South,Fragile,Standard,428,Delivered
SHP00215,2025-02-01,2025-02-03,Individual,South,North,Fragile,Express,297,Delivered
SHP00441,2025-02-01,2025-02-04,Individual,North,Central,Parcel,Standard,381,Delivered
SHP01777,2025-02-02,2025-02-06,Individual,South,West,Parcel,Standard,359,Delivered
SHP01607,2025-02-02,2025-02-08,Individual,South,East,Electronics,Standard,456,Delivered
SHP01147,2025-02-02,2025-02-07,Business,North,North,Fragile,Standard,167,Delivered
SHP01926,2025-02-02,2025-02-07,Individual,South,Central,Parcel,Express,500,Failed
SHP00285,2025-02-03,2025-02-07,Individual,East,West,Parcel,Standard,321,Delivered
SHP01831,2025-02-03,2025-02-07,Business,Central,South,Fragile,Same Day,292,Delivered
SHP00581,2025-02-04,2025-02-06,Business,Central,East,Parcel,Standard,278,Delayed
SHP00157,2025-02-04,2025-02-07,Individual,Central,North,Electronics,Express,570,Delivered
SHP01265,2025-02-04,2025-02-06,Individual,Central,South,Parcel,Express,486,Delivered
SHP00217,2025-02-04,2025-02-06,Individual,North,South,Parcel,Standard,354,Delivered
SHP01354,2025-02-04,2025-02-07,Individual,Central,Central,Parcel,Standard,432,Delivered
SHP01079,2025-02-04,2025-02-11,Individual,Central,South,Electronics,Standard,136,Delivered
SHP00781,2025-02-05,2025-02-08,Business,Central,North,Document,Standard,197,Delivered
SHP01095,2025-02-05,2025-02-06,Individual,West,South,Parcel,Express,521,Delivered
SHP00054,2025-02-05,2025-02-07,Individual,East,South,Fragile,Same Day,407,Delivered
SHP00172,2025-02-06,2025-02-09,Business,North,Central,Parcel,Standard,167,Cancelled
SHP01430,2025-02-07,2025-02-14,Individual,East,North,Electronics,Standard,492,Cancelled
SHP00198,2025-02-07,2025-02-12,Individual,West,West,Parcel,Express,624,Delayed
SHP01852,2025-02-08,2025-02-11,Individual,East,East,Parcel,Standard,451,Delivered
SHP00547,2025-02-08,2025-02-09,Business,North,North,Fragile,Standard,300,Delayed
SHP01741,2025-02-09,2025-02-11,Business,East,South,Parcel,Express,239,Delivered
SHP01762,2025-02-09,2025-02-11,Business,East,Central,Parcel,Standard,469,Delivered
SHP01037,2025-02-09,2025-02-11,Individual,North,South,Fragile,Standard,489,Delivered
SHP00096,2025-02-10,2025-02-12,Individual,North,North,Document,Standard,249,Failed
SHP01603,2025-02-10,2025-02-12,Individual,West,South,Electronics,Express,288,Delivered
SHP00276,2025-02-11,2025-02-15,Individual,North,South,Document,Standard,169,Delivered
SHP01918,2025-02-11,2025-02-13,Individual,East,West,Electronics,Express,353,Delivered
SHP01394,2025-02-13,2025-02-16,Business,Central,West,Fragile,Standard,322,Delayed
SHP00396,2025-02-16,2025-02-19,Individual,South,Central,Fragile,Standard,364,Delayed
SHP01971,2025-02-17,2025-02-20,Individual,North,East,Parcel,Same Day,421,Delayed
SHP01250,2025-02-17,2025-02-18,Individual,South,Central,Fragile,Express,267,Delivered
SHP01118,2025-02-17,2025-02-19,Individual,South,South,Document,Express,332,Delayed
SHP00878,2025-02-21,2025-02-28,Individual,North,Central,Document,Standard,198,Delivered
SHP00392,2025-02-21,2025-02-23,Business,West,South,Parcel,Standard,499,Delivered
SHP01173,2025-02-22,2025-03-01,Individual,Central,East,Fragile,Standard,259,Delivered
SHP00082,2025-02-22,2025-02-23,Business,South,North,Fragile,Same Day,792,Delivered
SHP01671,2025-02-22,2025-02-24,Business,Central,Central,Electronics,Standard,99,Delivered
SHP00804,2025-02-23,2025-02-26,Individual,West,South,Parcel,Same Day,234,Delivered
SHP01838,2025-02-23,2025-03-01,Business,East,North,Parcel,Same Day,877,Delivered
SHP00859,2025-02-23,2025-02-26,Business,West,South,Parcel,Same Day,284,Delivered
SHP01439,2025-02-23,2025-02-25,Business,West,West,Document,Standard,482,Delivered
SHP00785,2025-02-25,2025-02-27,Individual,North,South,Parcel,Express,137,Cancelled
SHP01840,2025-02-25,2025-02-28,Individual,West,East,Fragile,Standard,152,Delivered
SHP01223,2025-02-25,2025-03-01,Individual,South,East,Parcel,Express,134,Delivered
SHP01890,2025-02-28,2025-03-05,Individual,East,Central,Parcel,Standard,309,Cancelled
SHP00700,2025-02-28,2025-03-02,Individual,Central,West,Parcel,Standard,318,Delivered
SHP01696,2025-02-28,2025-03-02,Business,South,East,Parcel,Express,640,Delivered
SHP01232,2025-03-01,2025-03-02,Individual,North,West,Document,Express,365,Delivered
SHP01600,2025-03-02,2025-03-03,Individual,South,West,Fragile,Express,525,Delivered
SHP01537,2025-03-02,2025-03-03,Individual,North,East,Parcel,Express,385,Delivered
SHP01522,2025-03-02,2025-03-04,Individual,East,West,Parcel,Same Day,637,Delivered
SHP01703,2025-03-03,2025-03-06,Business,West,West,Document,Standard,266,Delivered
SHP01378,2025-03-03,2025-03-06,Individual,South,West,Parcel,Standard,183,Delivered
SHP00913,2025-03-04,2025-03-11,Individual,West,East,Fragile,Standard,369,Delivered
SHP01314,2025-03-05,2025-03-08,Individual,East,North,Fragile,Express,154,Delayed
SHP01143,2025-03-07,2025-03-09,Individual,South,North,Parcel,Standard,479,Delayed
SHP00354,2025-03-07,2025-03-08,Individual,North,East,Parcel,Express,225,Delivered
SHP00588,2025-03-10,2025-03-15,Business,Central,North,Electronics,Express,573,Delivered
SHP00596,2025-03-10,2025-03-14,Business,South,West,Fragile,Standard,94,Delayed
SHP00907,2025-03-10,2025-03-13,Business,North,East,Parcel,Standard,189,Delivered
SHP01925,2025-03-11,2025-03-14,Business,North,North,Parcel,Standard,333,Cancelled
SHP01999,2025-03-11,2025-03-13,Individual,North,East,Document,Same Day,731,Delivered
SHP00572,2025-03-13,2025-03-15,Business,East,East,Parcel,Standard,330,Delivered
SHP00229,2025-03-13,2025-03-16,Business,North,Central,Fragile,Express,442,Failed
SHP01677,2025-03-16,2025-03-17,Individual,Central,North,Electronics,Standard,500,Delayed
SHP00362,2025-03-17,2025-03-18,Individual,East,North,Parcel,Express,482,Delivered
SHP00141,2025-03-17,2025-03-18,Individual,Central,South,Parcel,Standard,100,Delivered
SHP01930,2025-03-17,2025-03-21,Business,North,West,Electronics,Standard,219,Delivered
SHP00992,2025-03-17,2025-03-19,Business,North,Central,Fragile,Express,133,Failed
SHP00937,2025-03-18,2025-03-20,Individual,East,North,Parcel,Express,522,Delivered
SHP00302,2025-03-19,2025-03-23,Business,South,East,Parcel,Express,329,Delivered
SHP01422,2025-03-20,2025-03-23,Business,West,West,Parcel,Standard,271,Delivered
SHP01634,2025-03-20,2025-03-22,Individual,West,North,Document,Standard,489,Delivered
SHP00422,2025-03-20,2025-03-23,Business,West,West,Parcel,Express,644,Delivered
SHP00462,2025-03-20,2025-03-21,Individual,East,East,Parcel,Standard,326,Delivered
SHP01724,2025-03-21,2025-03-24,Business,North,North,Electronics,Express,228,Cancelled
SHP01808,2025-03-22,2025-03-25,Business,East,West,Parcel,Standard,357,Delivered
SHP00597,2025-03-22,2025-03-23,Individual,Central,West,Parcel,Express,150,Delayed
SHP01244,2025-03-23,2025-03-27,Individual,South,East,Parcel,Express,423,Delivered
SHP01758,2025-03-24,2025-03-27,Individual,North,East,Document,Express,472,Delivered
SHP00563,2025-03-24,2025-03-25,Individual,Central,East,Parcel,Standard,500,Delivered
SHP01911,2025-03-24,2025-03-27,Business,East,Central,Parcel,Express,529,Delivered
SHP00527,2025-03-25,2025-03-27,Individual,North,North,Parcel,Standard,214,Delivered
SHP00947,2025-03-27,2025-03-30,Individual,North,East,Document,Express,442,Delivered
SHP00192,2025-03-28,2025-03-29,Business,North,North,Parcel,Standard,86,Delivered
SHP00350,2025-03-28,2025-03-30,Individual,South,South,Fragile,Standard,294,Delivered
SHP01718,2025-03-28,2025-03-31,Business,East,North,Parcel,Standard,190,Delivered
SHP00236,2025-03-28,2025-03-31,Business,South,South,Fragile,Express,473,Delivered
SHP01587,2025-03-29,2025-03-30,Individual,Central,North,Parcel,Standard,321,Delivered
SHP01198,2025-03-29,2025-03-31,Business,South,East,Fragile,Standard,388,Delivered
SHP01848,2025-03-30,2025-04-01,Business,East,North,Document,Standard,398,Delivered
SHP01565,2025-03-30,2025-03-31,Business,East,South,Electronics,Standard,431,Delivered
SHP01014,2025-03-30,2025-04-01,Individual,East,South,Document,Express,220,Delivered
SHP00425,2025-03-30,2025-04-04,Individual,West,South,Fragile,Express,636,Delayed
SHP01330,2025-03-30,2025-03-31,Individual,Central,Central,Document,Express,428,Delayed
SHP00061,2025-03-31,2025-04-02,Individual,North,South,Fragile,Express,286,Delivered
SHP00473,2025-03-31,2025-04-02,Individual,Central,Central,Parcel,Same Day,666,Delivered
SHP01743,2025-03-31,2025-04-02,Individual,West,Central,Electronics,Express,181,Delivered
SHP00558,2025-04-01,2025-04-03,Individual,Central,West,Document,Express,501,Delivered
SHP01824,2025-04-01,2025-04-04,Business,East,South,Document,Standard,275,Failed
SHP00401,2025-04-01,2025-04-03,Individual,West,East,Document,Standard,227,Delivered
SHP01390,2025-04-03,2025-04-07,Business,North,East,Fragile,Standard,393,Delayed
SHP01287,2025-04-03,2025-04-07,Individual,North,Central,Parcel,Standard,265,Cancelled
SHP01682,2025-04-03,2025-04-06,Individual,Central,South,Document,Standard,214,Delivered
SHP00016,2025-04-04,2025-04-07,Individual,South,Central,Fragile,Standard,202,Delivered
SHP00221,2025-04-04,2025-04-07,Business,Central,West,Document,Standard,123,Delivered
SHP01747,2025-04-04,2025-04-08,Individual,West,North,Fragile,Express,361,Delivered
SHP01476,2025-04-04,2025-04-08,Business,North,West,Electronics,Standard,351,Cancelled
SHP01279,2025-04-04,2025-04-08,Individual,East,West,Electronics,Standard,145,Delivered
SHP00518,2025-04-05,2025-04-06,Business,North,South,Fragile,Standard,388,Delivered
SHP01998,2025-04-07,2025-04-10,Business,East,North,Electronics,Standard,141,Delivered
SHP01941,2025-04-07,2025-04-10,Business,West,West,Parcel,Express,687,Delivered
SHP00168,2025-04-08,2025-04-12,Individual,North,North,Document,Express,638,Delivered
SHP01867,2025-04-09,2025-04-15,Individual,West,Central,Parcel,Standard,455,Delayed
SHP01073,2025-04-10,2025-04-13,Business,Central,East,Electronics,Express,234,Delivered
SHP00005,2025-04-11,2025-04-14,Individual,Central,North,Parcel,Express,147,Delayed
SHP01908,2025-04-11,2025-04-14,Individual,North,West,Parcel,Standard,115,Delivered
SHP01249,2025-04-11,2025-04-13,Individual,North,Central,Fragile,Same Day,817,Delivered
SHP01815,2025-04-11,2025-04-16,Business,North,North,Document,Same Day,799,Delivered
SHP00721,2025-04-12,2025-04-14,Individual,North,East,Parcel,Express,503,Delivered
SHP00950,2025-04-13,2025-04-15,Individual,Central,Central,Parcel,Same Day,839,Delivered
SHP00223,2025-04-14,2025-04-16,Individual,East,North,Parcel,Express,164,Failed
SHP01614,2025-04-14,2025-04-15,Business,East,West,Fragile,Standard,245,Delivered
SHP00496,2025-04-15,2025-04-21,Individual,South,Central,Parcel,Standard,276,Delivered
SHP00288,2025-04-15,2025-04-19,Business,North,Central,Parcel,Standard,376,Delivered
SHP00969,2025-04-15,2025-04-18,Business,North,South,Document,Standard,202,Delivered
SHP00181,2025-04-17,2025-04-22,Individual,East,South,Document,Express,417,Delivered
SHP00353,2025-04-18,2025-04-20,Business,East,South,Document,Standard,446,Delivered
SHP01269,2025-04-18,2025-04-20,Individual,South,Central,Electronics,Standard,366,Delivered
SHP00664,2025-04-18,2025-04-19,Individual,North,East,Parcel,Standard,377,Delivered
SHP00877,2025-04-19,2025-04-21,Individual,East,North,Document,Standard,410,Delivered
SHP00021,2025-04-19,2025-04-21,Individual,South,South,Parcel,Standard,361,Delivered
SHP00550,2025-04-20,2025-04-23,Business,North,West,Electronics,Standard,462,Delivered
SHP00472,2025-04-20,2025-04-23,Individual,North,East,Parcel,Express,528,Delivered
SHP00901,2025-04-20,2025-04-23,Individual,North,North,Parcel,Standard,209,Delivered
SHP00244,2025-04-21,2025-04-25,Business,South,South,Fragile,Standard,373,Delivered
SHP01125,2025-04-21,2025-04-26,Individual,West,Central,Parcel,Standard,215,Delivered
SHP00802,2025-04-22,2025-04-26,Individual,North,West,Document,Same Day,544,Delayed
SHP01455,2025-04-22,2025-04-25,Business,West,West,Parcel,Standard,132,Delivered
SHP01750,2025-04-25,2025-05-02,Individual,South,South,Fragile,Express,666,Delivered
SHP01797,2025-04-26,2025-05-03,Business,South,North,Document,Same Day,184,Delivered
SHP01042,2025-04-26,2025-04-27,Individual,West,East,Parcel,Standard,132,Delivered
SHP01665,2025-04-27,2025-04-28,Individual,East,Central,Parcel,Standard,152,Delivered
SHP01794,2025-04-27,2025-04-29,Individual,West,East,Parcel,Standard,370,Delivered
SHP01843,2025-04-27,2025-04-29,Business,East,East,Fragile,Standard,345,Delivered
SHP01259,2025-04-28,2025-04-30,Individual,South,South,Fragile,Same Day,664,Delivered
SHP00680,2025-04-29,2025-05-01,Individual,East,South,Parcel,Standard,310,Delivered
SHP01508,2025-04-29,2025-05-03,Individual,North,North,Document,Same Day,806,Delivered
SHP00119,2025-04-29,2025-05-03,Individual,West,East,Document,Standard,247,Delivered
SHP01966,2025-05-02,2025-05-04,Business,East,East,Electronics,Express,679,Delivered
SHP00334,2025-05-02,2025-05-05,Individual,West,East,Parcel,Standard,461,Delivered
SHP00565,2025-05-02,2025-05-04,Individual,West,West,Document,Express,200,Delivered
SHP00175,2025-05-03,2025-05-06,Individual,Central,North,Document,Standard,436,Delivered
SHP01074,2025-05-03,2025-05-04,Business,West,Central,Parcel,Express,689,Delivered
SHP01557,2025-05-03,2025-05-09,Business,West,East,Parcel,Standard,442,Delivered
SHP01514,2025-05-04,2025-05-06,Individual,West,West,Parcel,Express,195,Delivered
SHP01766,2025-05-04,2025-05-06,Business,North,Central,Parcel,Standard,466,Delivered
SHP00269,2025-05-04,2025-05-06,Business,East,Central,Document,Express,634,Delivered
SHP00946,2025-05-05,2025-05-10,Individual,South,East,Electronics,Express,311,Delivered
SHP00450,2025-05-06,2025-05-11,Individual,South,North,Document,Same Day,373,Delivered
SHP01311,2025-05-06,2025-05-11,Individual,East,South,Fragile,Standard,491,Cancelled
SHP00073,2025-05-07,2025-05-14,Business,Central,South,Document,Same Day,743,Delivered
SHP01862,2025-05-07,2025-05-10,Individual,South,West,Electronics,Express,171,Delivered
SHP01113,2025-05-07,2025-05-10,Individual,West,Central,Parcel,Express,491,Delivered
SHP00989,2025-05-08,2025-05-14,Business,West,North,Electronics,Standard,430,Delivered
SHP01559,2025-05-08,2025-05-11,Individual,South,West,Electronics,Standard,174,Delayed
SHP01619,2025-05-08,2025-05-09,Individual,Central,North,Parcel,Same Day,162,Cancelled
SHP01521,2025-05-09,2025-05-12,Business,East,South,Document,Standard,120,Delivered
SHP00250,2025-05-11,2025-05-12,Business,East,East,Document,Standard,351,Delivered
SHP01869,2025-05-11,2025-05-13,Individual,Central,Central,Document,Standard,135,Delivered
SHP01108,2025-05-11,2025-05-15,Individual,West,Central,Document,Express,591,Delivered
SHP00370,2025-05-11,2025-05-16,Business,West,North,Document,Express,154,Delivered
SHP01977,2025-05-11,2025-05-13,Individual,West,Central,Parcel,Express,699,Cancelled
SHP01597,2025-05-12,2025-05-15,Individual,North,East,Parcel,Standard,274,Delivered
SHP00382,2025-05-13,2025-05-14,Individual,Central,Central,Document,Express,413,Delayed
SHP01927,2025-05-13,2025-05-15,Business,West,East,Parcel,Standard,230,Delivered
SHP00458,2025-05-14,2025-05-19,Business,South,West,Document,Express,279,Delivered
SHP01336,2025-05-15,2025-05-17,Individual,East,West,Fragile,Standard,290,Delivered
SHP00921,2025-05-16,2025-05-22,Business,Central,North,Document,Standard,397,Delayed
SHP00515,2025-05-16,2025-05-21,Individual,Central,North,Fragile,Standard,145,Delivered
SHP00793,2025-05-17,2025-05-21,Business,East,South,Parcel,Standard,302,Delivered
SHP00095,2025-05-17,2025-05-23,Business,South,East,Document,Standard,396,Cancelled
SHP00105,2025-05-17,2025-05-21,Business,North,North,Parcel,Standard,400,Delivered
SHP01468,2025-05-18,2025-05-21,Individual,North,East,Fragile,Standard,372,Delivered
SHP00727,2025-05-18,2025-05-21,Individual,East,Central,Parcel,Standard,161,Delivered
SHP00480,2025-05-19,2025-05-22,Individual,East,West,Document,Standard,421,Cancelled
SHP01166,2025-05-20,2025-05-26,Business,South,West,Fragile,Express,554,Delivered
SHP00046,2025-05-23,2025-05-27,Individual,Central,Central,Parcel,Express,617,Delayed
SHP01676,2025-05-23,2025-05-25,Individual,North,North,Parcel,Standard,215,Delivered
SHP01749,2025-05-23,2025-05-25,Business,South,Central,Parcel,Standard,347,Delivered
SHP00205,2025-05-24,2025-05-26,Individual,South,Central,Parcel,Same Day,405,Failed
SHP01876,2025-05-24,2025-05-29,Individual,East,South,Fragile,Express,451,Delivered
SHP01850,2025-05-24,2025-05-25,Individual,Central,North,Parcel,Standard,192,Delivered
SHP00459,2025-05-25,2025-05-26,Individual,West,South,Electronics,Standard,322,Delivered
SHP01500,2025-05-25,2025-05-27,Individual,South,East,Fragile,Express,386,Delivered
SHP00545,2025-05-25,2025-05-28,Business,West,Central,Parcel,Same Day,459,Delivered
SHP00023,2025-05-25,2025-05-29,Business,North,North,Parcel,Standard,371,Delivered
SHP00284,2025-05-26,2025-05-27,Individual,Central,East,Parcel,Express,119,Delivered
SHP00331,2025-05-27,2025-06-01,Individual,South,Central,Fragile,Express,375,Delivered
SHP00767,2025-05-27,2025-05-29,Business,North,North,Parcel,Standard,263,Delayed
SHP01488,2025-05-27,2025-05-30,Individual,South,West,Parcel,Standard,179,Delivered
SHP00963,2025-05-28,2025-06-03,Business,North,West,Parcel,Express,407,Delivered
SHP01396,2025-05-29,2025-06-02,Individual,North,Central,Document,Standard,85,Delivered
SHP01732,2025-05-29,2025-06-03,Individual,South,South,Parcel,Express,351,Delivered
SHP00365,2025-05-30,2025-06-01,Business,South,West,Fragile,Express,675,Delivered
SHP00708,2025-05-30,2025-06-01,Individual,North,South,Document,Express,307,Delayed
SHP01290,2025-05-30,2025-06-03,Business,South,Central,Electronics,Express,304,Delivered
SHP01432,2025-05-30,2025-06-05,Individual,North,North,Document,Standard,459,Delayed
SHP00813,2025-05-31,2025-06-02,Business,South,West,Parcel,Standard,143,Delivered
SHP01702,2025-05-31,2025-06-01,Individual,Central,South,Parcel,Standard,252,Cancelled
SHP01534,2025-05-31,2025-06-06,Individual,Central,East,Parcel,Standard,91,Delivered
SHP00549,2025-06-01,2025-06-07,Individual,Central,East,Parcel,Express,113,Delivered
SHP00246,2025-06-01,2025-06-03,Business,North,Central,Document,Standard,204,Delivered
SHP01844,2025-06-02,2025-06-05,Individual,East,Central,Parcel,Standard,152,Delivered
SHP01933,2025-06-03,2025-06-06,Business,Central,Central,Fragile,Standard,445,Cancelled
SHP01316,2025-06-03,2025-06-05,Individual,West,North,Parcel,Standard,294,Delivered
SHP00986,2025-06-04,2025-06-09,Individual,Central,East,Electronics,Standard,338,Delivered
SHP00077,2025-06-04,2025-06-06,Individual,Central,North,Electronics,Express,608,Delayed
SHP01331,2025-06-04,2025-06-09,Business,South,East,Parcel,Express,221,Delivered
SHP01644,2025-06-04,2025-06-08,Individual,West,Central,Electronics,Express,638,Delayed
SHP01190,2025-06-04,2025-06-05,Individual,North,Central,Parcel,Express,650,Delivered
SHP00359,2025-06-05,2025-06-07,Business,East,South,Parcel,Express,419,Delivered
SHP01961,2025-06-05,2025-06-06,Individual,South,East,Electronics,Express,370,Delivered
SHP01960,2025-06-06,2025-06-08,Individual,Central,East,Parcel,Express,165,Delivered
SHP01263,2025-06-07,2025-06-09,Business,South,North,Document,Express,545,Delivered
SHP00639,2025-06-07,2025-06-09,Individual,East,Central,Electronics,Express,441,Delivered
SHP01059,2025-06-07,2025-06-11,Individual,Central,Central,Document,Express,326,Cancelled
SHP00277,2025-06-08,2025-06-10,Business,East,South,Electronics,Express,148,Delivered
SHP00124,2025-06-08,2025-06-10,Business,East,North,Parcel,Standard,406,Delivered
SHP01457,2025-06-09,2025-06-13,Individual,Central,East,Document,Express,333,Delivered
SHP00663,2025-06-09,2025-06-10,Individual,Central,Central,Document,Standard,289,Delivered
SHP00985,2025-06-09,2025-06-10,Individual,Central,East,Document,Same Day,619,Delivered
SHP00669,2025-06-09,2025-06-15,Individual,West,West,Document,Standard,215,Delivered
SHP01327,2025-06-10,2025-06-12,Individual,West,West,Parcel,Express,280,Delivered
SHP01448,2025-06-13,2025-06-16,Individual,West,North,Fragile,Express,179,Delayed
SHP01656,2025-06-14,2025-06-17,Business,South,West,Parcel,Express,533,Delivered
SHP00739,2025-06-15,2025-06-20,Individual,East,South,Parcel,Standard,400,Delivered
SHP01434,2025-06-15,2025-06-18,Individual,West,Central,Fragile,Express,435,Delivered
SHP00635,2025-06-17,2025-06-24,Business,West,Central,Fragile,Express,417,Delivered
SHP01993,2025-06-17,2025-06-22,Business,East,North,Parcel,Standard,278,Delivered
SHP01231,2025-06-18,2025-06-23,Business,South,South,Parcel,Express,682,Delivered
SHP00874,2025-06-20,2025-06-25,Individual,West,Central,Parcel,Express,274,Delivered
SHP01801,2025-06-20,2025-06-22,Business,South,North,Fragile,Standard,288,Delivered
SHP00687,2025-06-20,2025-06-25,Business,West,North,Parcel,Express,209,Cancelled
SHP00274,2025-06-21,2025-06-28,Individual,West,South,Parcel,Express,487,Delayed
SHP00510,2025-06-23,2025-06-25,Individual,West,East,Document,Standard,431,Delivered
SHP01928,2025-06-23,2025-06-28,Individual,Central,Central,Electronics,Express,595,Delivered
SHP01996,2025-06-24,2025-06-28,Business,Central,South,Parcel,Same Day,281,Delivered
SHP00122,2025-06-24,2025-06-26,Individual,Central,South,Parcel,Standard,390,Delayed
SHP00602,2025-06-25,2025-06-28,Individual,South,East,Electronics,Express,461,Delayed
SHP00715,2025-06-26,2025-07-01,Individual,North,East,Parcel,Standard,410,Delivered
SHP01805,2025-06-26,2025-06-28,Individual,Central,West,Document,Express,654,Delivered
SHP00613,2025-06-29,2025-07-06,Individual,Central,Central,Electronics,Express,444,Delivered
SHP00642,2025-06-29,2025-07-01,Individual,Central,Central,Parcel,Standard,94,Delivered
SHP01877,2025-06-29,2025-07-01,Individual,Central,Central,Parcel,Same Day,504,Delivered
SHP01117,2025-06-29,2025-07-02,Business,Central,Central,Parcel,Standard,451,Delivered
SHP00240,2025-06-30,2025-07-03,Individual,Central,West,Document,Standard,477,Delivered
SHP00718,2025-07-01,2025-07-04,Individual,East,West,Fragile,Express,325,Delivered
SHP01415,2025-07-02,2025-07-03,Individual,Central,East,Document,Same Day,779,Delivered
SHP00832,2025-07-03,2025-07-08,Individual,East,East,Fragile,Standard,356,Delivered
SHP00806,2025-07-03,2025-07-04,Individual,East,Central,Document,Standard,255,Delivered
SHP00356,2025-07-04,2025-07-06,Business,East,West,Fragile,Standard,389,Delivered
SHP00177,2025-07-04,2025-07-08,Business,West,North,Parcel,Standard,302,Delivered
SHP00987,2025-07-05,2025-07-09,Individual,West,West,Document,Same Day,470,Delivered
SHP01384,2025-07-06,2025-07-12,Business,West,North,Parcel,Express,619,Failed
SHP01464,2025-07-06,2025-07-08,Individual,West,Central,Parcel,Standard,449,Delivered
SHP01883,2025-07-07,2025-07-09,Individual,South,South,Parcel,Standard,342,Cancelled
SHP01881,2025-07-07,2025-07-11,Business,West,South,Electronics,Standard,156,Delivered
SHP01686,2025-07-07,2025-07-08,Individual,East,South,Document,Express,444,Delivered
SHP00800,2025-07-07,2025-07-14,Business,Central,West,Fragile,Express,200,Delivered
SHP01227,2025-07-10,2025-07-14,Individual,West,West,Fragile,Same Day,634,Delivered
SHP00127,2025-07-10,2025-07-11,Individual,East,North,Fragile,Standard,414,Delayed
SHP01220,2025-07-10,2025-07-13,Business,South,South,Electronics,Standard,442,Delivered
SHP01638,2025-07-12,2025-07-18,Individual,West,East,Electronics,Standard,192,Delivered
SHP00742,2025-07-12,2025-07-14,Business,West,North,Parcel,Express,199,Cancelled
SHP00333,2025-07-13,2025-07-14,Individual,South,Central,Parcel,Express,175,Delivered
SHP00903,2025-07-14,2025-07-18,Individual,Central,North,Document,Standard,437,Delayed
SHP01768,2025-07-14,2025-07-20,Individual,North,North,Parcel,Standard,250,Failed
SHP01699,2025-07-14,2025-07-18,Individual,South,South,Fragile,Standard,204,Delivered
SHP01929,2025-07-16,2025-07-20,Individual,West,West,Parcel,Express,578,Delivered
SHP00228,2025-07-16,2025-07-18,Business,North,South,Parcel,Standard,233,Cancelled
SHP00030,2025-07-16,2025-07-19,Individual,North,North,Fragile,Standard,414,Delayed
SHP01158,2025-07-17,2025-07-21,Business,Central,South,Parcel,Same Day,495,Delivered
SHP00142,2025-07-17,2025-07-20,Individual,East,East,Parcel,Same Day,599,Delivered
SHP00116,2025-07-17,2025-07-18,Individual,East,North,Electronics,Same Day,398,Delivered
SHP00042,2025-07-18,2025-07-21,Business,Central,Central,Fragile,Standard,366,Delivered
SHP00052,2025-07-19,2025-07-20,Individual,Central,West,Fragile,Standard,283,Delivered
SHP00262,2025-07-19,2025-07-23,Business,South,North,Electronics,Same Day,486,Cancelled
SHP00863,2025-07-20,2025-07-23,Business,Central,Central,Document,Standard,390,Delivered
SHP00436,2025-07-22,2025-07-27,Individual,Central,North,Parcel,Standard,192,Delayed
SHP01288,2025-07-23,2025-07-26,Individual,South,Central,Parcel,Standard,363,Delivered
SHP00296,2025-07-23,2025-07-25,Individual,South,South,Electronics,Standard,279,Delivered
SHP00263,2025-07-23,2025-07-24,Individual,Central,North,Parcel,Standard,336,Delivered
SHP01306,2025-07-23,2025-07-29,Individual,Central,Central,Parcel,Standard,459,Delivered
SHP01216,2025-07-24,2025-07-25,Business,West,West,Document,Standard,338,Delayed
SHP01253,2025-07-25,2025-07-27,Individual,West,North,Parcel,Same Day,626,Delivered
SHP01892,2025-07-25,2025-07-28,Individual,East,North,Electronics,Standard,365,Delivered
SHP00776,2025-07-27,2025-07-30,Individual,East,South,Electronics,Express,203,Delivered
SHP00729,2025-07-27,2025-08-01,Individual,South,Central,Document,Express,561,Delivered
SHP00872,2025-07-28,2025-08-01,Business,West,Central,Parcel,Express,588,Delivered
SHP00293,2025-07-28,2025-08-01,Individual,South,West,Fragile,Express,491,Delivered
SHP01552,2025-07-28,2025-08-01,Business,East,South,Fragile,Express,685,Delivered
SHP00787,2025-07-28,2025-07-31,Business,South,Central,Document,Same Day,684,Delayed
SHP01490,2025-07-29,2025-08-04,Business,South,East,Parcel,Standard,161,Delivered
SHP01137,2025-07-30,2025-08-02,Individual,Central,West,Parcel,Express,609,Delivered
SHP00586,2025-07-31,2025-08-07,Business,West,West,Fragile,Standard,98,Delivered
SHP01778,2025-07-31,2025-08-03,Individual,South,East,Fragile,Express,365,Delivered
SHP00125,2025-07-31,2025-08-06,Business,South,Central,Parcel,Express,608,Delivered
SHP01441,2025-07-31,2025-08-01,Individual,South,East,Fragile,Standard,144,Cancelled
SHP00798,2025-08-01,2025-08-02,Individual,South,North,Fragile,Standard,105,Delivered
SHP00941,2025-08-01,2025-08-03,Individual,East,South,Document,Express,253,Delivered
SHP01183,2025-08-02,2025-08-05,Business,Central,West,Parcel,Express,470,Failed
SHP01663,2025-08-03,2025-08-06,Business,East,West,Parcel,Express,325,Delivered
SHP00337,2025-08-03,2025-08-04,Individual,West,East,Fragile,Standard,439,Delivered
SHP01909,2025-08-03,2025-08-07,Business,East,Central,Electronics,Standard,250,Delivered
SHP01649,2025-08-06,2025-08-09,Individual,North,West,Electronics,Standard,136,Delayed
SHP01339,2025-08-06,2025-08-07,Business,Central,Central,Parcel,Standard,276,Delivered
SHP01146,2025-08-07,2025-08-10,Individual,West,East,Document,Standard,200,Cancelled
SHP01555,2025-08-07,2025-08-10,Individual,Central,North,Parcel,Standard,446,Delivered
SHP01251,2025-08-08,2025-08-09,Individual,South,North,Document,Standard,94,Delayed
SHP00202,2025-08-09,2025-08-10,Business,North,Central,Parcel,Standard,171,Delayed
SHP01541,2025-08-10,2025-08-12,Individual,South,South,Parcel,Express,238,Cancelled
SHP00766,2025-08-10,2025-08-12,Individual,West,Central,Parcel,Express,382,Delayed
SHP00447,2025-08-10,2025-08-12,Individual,South,East,Parcel,Express,409,Delivered
SHP01005,2025-08-10,2025-08-15,Individual,East,Central,Electronics,Express,407,Delivered
SHP01355,2025-08-10,2025-08-14,Business,East,Central,Electronics,Standard,483,Delayed
SHP01625,2025-08-11,2025-08-14,Individual,Central,North,Parcel,Express,337,Delivered
SHP01367,2025-08-11,2025-08-15,Individual,East,West,Parcel,Standard,326,Delivered
SHP01237,2025-08-11,2025-08-14,Individual,Central,North,Fragile,Express,235,Delayed
SHP01556,2025-08-11,2025-08-12,Individual,West,West,Electronics,Express,196,Delivered
SHP01675,2025-08-12,2025-08-19,Individual,South,Central,Parcel,Express,624,Delivered
SHP00918,2025-08-12,2025-08-15,Business,South,East,Parcel,Express,522,Delivered
SHP01317,2025-08-13,2025-08-17,Business,East,East,Fragile,Standard,248,Delivered
SHP01483,2025-08-14,2025-08-18,Business,East,West,Electronics,Standard,450,Delayed
SHP01358,2025-08-14,2025-08-17,Business,East,East,Document,Standard,113,Delayed
SHP00978,2025-08-15,2025-08-17,Individual,North,East,Parcel,Standard,167,Delivered
SHP01203,2025-08-15,2025-08-18,Individual,South,Central,Fragile,Standard,441,Delivered
SHP00080,2025-08-15,2025-08-17,Individual,Central,East,Fragile,Express,547,Delivered
SHP01771,2025-08-16,2025-08-20,Individual,West,East,Parcel,Same Day,410,Failed
SHP01879,2025-08-16,2025-08-21,Individual,South,West,Parcel,Express,132,Delivered
SHP01090,2025-08-16,2025-08-17,Individual,South,East,Document,Standard,277,Delivered
SHP00699,2025-08-17,2025-08-19,Individual,East,Central,Fragile,Standard,434,Delivered
SHP00415,2025-08-18,2025-08-20,Individual,West,Central,Fragile,Express,435,Delivered
SHP01990,2025-08-20,2025-08-21,Individual,South,Central,Parcel,Express,571,Delivered
SHP00812,2025-08-20,2025-08-24,Individual,Central,North,Parcel,Express,675,Delivered
SHP01849,2025-08-20,2025-08-25,Individual,East,South,Document,Standard,98,Delivered
SHP00778,2025-08-23,2025-08-28,Individual,West,South,Electronics,Standard,333,Delivered
SHP00037,2025-08-23,2025-08-27,Individual,West,North,Fragile,Standard,484,Delivered
SHP00853,2025-08-26,2025-08-28,Individual,Central,Central,Electronics,Express,189,Delivered
SHP00633,2025-08-26,2025-08-31,Individual,Central,Central,Document,Standard,403,Delivered
SHP00389,2025-08-27,2025-09-02,Business,East,Central,Parcel,Express,501,Delivered
SHP01572,2025-08-27,2025-08-30,Business,East,West,Electronics,Express,176,Delivered
SHP00253,2025-08-29,2025-09-05,Business,South,West,Parcel,Standard,305,Cancelled
SHP01346,2025-08-29,2025-09-01,Individual,Central,West,Fragile,Standard,244,Delivered
SHP01438,2025-08-30,2025-09-03,Individual,North,East,Parcel,Standard,335,Cancelled
SHP00166,2025-08-31,2025-09-02,Individual,North,Central,Fragile,Standard,461,Delivered
SHP01833,2025-08-31,2025-09-02,Business,South,South,Electronics,Standard,135,Delivered
SHP00994,2025-09-01,2025-09-05,Individual,Central,Central,Document,Standard,442,Delivered
SHP01011,2025-09-01,2025-09-04,Individual,South,West,Parcel,Standard,415,Delivered
SHP00102,2025-09-04,2025-09-07,Individual,Central,Central,Parcel,Standard,380,Delivered
SHP00303,2025-09-04,2025-09-06,Individual,Central,North,Parcel,Express,682,Delivered
SHP00701,2025-09-04,2025-09-06,Individual,East,East,Fragile,Express,578,Delivered
SHP01714,2025-09-05,2025-09-09,Individual,West,West,Parcel,Standard,209,Delivered
SHP01096,2025-09-06,2025-09-10,Individual,East,East,Electronics,Standard,414,Delivered
SHP00783,2025-09-07,2025-09-08,Individual,South,South,Parcel,Express,405,Cancelled
SHP00394,2025-09-08,2025-09-10,Individual,West,North,Document,Standard,348,Delivered
SHP01723,2025-09-09,2025-09-13,Individual,North,West,Parcel,Standard,225,Delivered
SHP01604,2025-09-10,2025-09-13,Business,North,Central,Parcel,Express,455,Delivered
SHP01496,2025-09-11,2025-09-13,Business,East,East,Parcel,Express,664,Delivered
SHP01098,2025-09-11,2025-09-14,Individual,Central,West,Parcel,Standard,387,Delivered
SHP01688,2025-09-12,2025-09-17,Business,Central,West,Fragile,Same Day,641,Delivered
SHP00697,2025-09-14,2025-09-19,Individual,North,West,Document,Standard,404,Failed
SHP01034,2025-09-14,2025-09-15,Individual,South,South,Electronics,Standard,285,Cancelled
SHP00582,2025-09-15,2025-09-20,Individual,South,Central,Parcel,Standard,437,Delivered
SHP00186,2025-09-15,2025-09-16,Individual,North,South,Fragile,Express,183,Cancelled
SHP00707,2025-09-15,2025-09-16,Business,East,South,Fragile,Express,427,Delivered
SHP01878,2025-09-15,2025-09-19,Business,East,Central,Document,Standard,315,Delayed
SHP00657,2025-09-16,2025-09-19,Individual,Central,East,Fragile,Express,679,Delayed
SHP01885,2025-09-16,2025-09-19,Business,North,West,Parcel,Express,188,Delivered
SHP00265,2025-09-17,2025-09-22,Individual,North,East,Parcel,Express,416,Delivered
SHP01735,2025-09-18,2025-09-21,Individual,North,Central,Parcel,Standard,156,Delivered
SHP00826,2025-09-18,2025-09-20,Individual,Central,West,Fragile,Standard,493,Cancelled
SHP00201,2025-09-19,2025-09-23,Individual,South,North,Parcel,Same Day,659,Cancelled
SHP00134,2025-09-19,2025-09-26,Individual,East,Central,Parcel,Standard,225,Delivered
SHP01084,2025-09-20,2025-09-25,Individual,East,West,Parcel,Express,176,Delivered
SHP01875,2025-09-20,2025-09-23,Individual,Central,Central,Electronics,Express,164,Delivered
SHP01588,2025-09-20,2025-09-23,Business,West,West,Fragile,Standard,169,Cancelled
SHP01481,2025-09-21,2025-09-26,Individual,Central,East,Parcel,Same Day,328,Delivered
SHP01736,2025-09-21,2025-09-24,Individual,East,North,Document,Express,206,Delivered
SHP01667,2025-09-22,2025-09-24,Individual,South,North,Parcel,Standard,478,Delivered
SHP00980,2025-09-23,2025-09-26,Individual,North,South,Fragile,Express,167,Delayed
SHP00133,2025-09-24,2025-09-28,Business,Central,East,Parcel,Standard,387,Delivered
SHP01726,2025-09-24,2025-09-27,Business,South,West,Fragile,Express,202,Delivered
SHP01019,2025-09-25,2025-09-30,Individual,South,South,Document,Standard,444,Delivered
SHP00455,2025-09-25,2025-09-29,Business,East,North,Parcel,Same Day,259,Delivered
SHP00330,2025-09-25,2025-09-28,Business,Central,South,Document,Standard,256,Delivered
SHP00630,2025-09-25,2025-09-28,Individual,Central,West,Parcel,Standard,404,Delivered
SHP00442,2025-09-25,2025-09-26,Business,Central,West,Parcel,Express,116,Delayed
SHP01185,2025-09-26,2025-09-30,Individual,West,West,Parcel,Standard,321,Delivered
SHP01380,2025-09-26,2025-09-27,Individual,West,West,Parcel,Standard,284,Delayed
SHP00320,2025-09-27,2025-10-02,Individual,East,West,Fragile,Standard,249,Delivered
SHP01681,2025-09-28,2025-09-30,Individual,East,Central,Fragile,Standard,112,Delivered
SHP01447,2025-09-28,2025-09-30,Business,West,North,Document,Standard,195,Delivered
SHP00660,2025-09-30,2025-10-02,Individual,North,West,Electronics,Standard,152,Delivered
SHP00880,2025-10-01,2025-10-07,Individual,West,East,Document,Standard,480,Delayed
SHP00218,2025-10-01,2025-10-04,Individual,South,South,Parcel,Standard,262,Delivered
SHP00180,2025-10-02,2025-10-04,Individual,East,East,Document,Standard,389,Delivered
SHP00147,2025-10-03,2025-10-04,Individual,South,West,Fragile,Standard,209,Delivered
SHP01820,2025-10-03,2025-10-07,Individual,East,Central,Parcel,Standard,117,Delivered
SHP00103,2025-10-04,2025-10-08,Individual,East,North,Fragile,Express,218,Delivered
SHP01626,2025-10-05,2025-10-08,Individual,East,West,Fragile,Express,253,Delivered
SHP00637,2025-10-06,2025-10-07,Individual,North,East,Electronics,Express,483,Delayed
SHP00129,2025-10-07,2025-10-08,Individual,West,East,Document,Express,176,Delivered
SHP01008,2025-10-07,2025-10-09,Individual,Central,East,Document,Express,463,Delayed
SHP00724,2025-10-07,2025-10-08,Individual,North,East,Document,Standard,232,Delivered
SHP00032,2025-10-08,2025-10-13,Business,South,East,Parcel,Express,350,Delayed
SHP01985,2025-10-08,2025-10-12,Individual,West,West,Parcel,Standard,222,Delivered
SHP00078,2025-10-09,2025-10-10,Individual,South,East,Electronics,Standard,252,Delivered
SHP01694,2025-10-09,2025-10-11,Individual,Central,Central,Parcel,Standard,214,Delivered
SHP00137,2025-10-10,2025-10-15,Individual,East,West,Parcel,Express,323,Delayed
SHP01673,2025-10-11,2025-10-15,Individual,West,Central,Parcel,Standard,102,Cancelled
SHP01856,2025-10-11,2025-10-13,Business,North,South,Document,Express,451,Delivered
SHP01953,2025-10-13,2025-10-14,Individual,West,North,Electronics,Standard,410,Delivered
SHP00469,2025-10-14,2025-10-17,Business,North,East,Parcel,Standard,168,Delayed
SHP00286,2025-10-15,2025-10-18,Individual,West,East,Electronics,Express,337,Delivered
SHP00745,2025-10-15,2025-10-21,Individual,West,North,Fragile,Express,455,Delivered
SHP00317,2025-10-17,2025-10-19,Business,East,West,Fragile,Standard,377,Delivered
SHP00495,2025-10-17,2025-10-19,Individual,East,South,Parcel,Standard,85,Delivered
SHP00321,2025-10-18,2025-10-22,Business,East,East,Fragile,Express,517,Delivered
SHP01730,2025-10-18,2025-10-20,Individual,North,East,Fragile,Standard,169,Delivered
SHP00445,2025-10-19,2025-10-22,Individual,West,West,Parcel,Express,350,Delivered
SHP00239,2025-10-20,2025-10-22,Individual,East,North,Fragile,Standard,221,Delayed
SHP00169,2025-10-21,2025-10-24,Business,North,North,Document,Standard,166,Delivered
SHP01855,2025-10-22,2025-10-25,Individual,South,West,Fragile,Standard,241,Delivered
SHP01668,2025-10-22,2025-10-24,Individual,North,West,Electronics,Standard,83,Delivered
SHP01982,2025-10-22,2025-10-25,Individual,East,East,Parcel,Express,344,Delivered
SHP01069,2025-10-22,2025-10-25,Individual,East,Central,Parcel,Standard,129,Delivered
SHP00866,2025-10-22,2025-10-25,Individual,South,Central,Parcel,Express,622,Delivered
SHP00705,2025-10-23,2025-10-26,Individual,South,West,Document,Standard,96,Delivered
SHP01669,2025-10-23,2025-10-25,Business,North,South,Parcel,Same Day,569,Delivered
SHP01717,2025-10-23,2025-10-26,Individual,Central,Central,Fragile,Standard,288,Delivered
SHP00892,2025-10-23,2025-10-26,Individual,East,South,Parcel,Express,216,Delivered
SHP01991,2025-10-23,2025-10-25,Individual,North,West,Document,Standard,498,Delivered
SHP01414,2025-10-23,2025-10-26,Individual,North,Central,Parcel,Same Day,898,Delivered
SHP01814,2025-10-24,2025-10-27,Individual,West,North,Parcel,Express,595,Delivered
SHP01986,2025-10-24,2025-10-27,Individual,Central,South,Parcel,Standard,283,Delivered
SHP00408,2025-10-24,2025-10-26,Individual,East,South,Parcel,Standard,359,Delivered
SHP01919,2025-10-25,2025-10-26,Business,West,East,Parcel,Standard,380,Failed
SHP01035,2025-10-25,2025-10-27,Individual,North,East,Parcel,Express,438,Delivered
SHP00885,2025-10-25,2025-10-27,Business,Central,South,Document,Express,216,Delivered
SHP00140,2025-10-25,2025-10-30,Business,North,West,Electronics,Standard,230,Delivered
SHP01655,2025-10-25,2025-10-28,Individual,North,South,Parcel,Standard,394,Delivered
SHP01589,2025-10-26,2025-11-02,Business,South,North,Fragile,Standard,424,Delivered
SHP00790,2025-10-26,2025-10-31,Individual,Central,North,Parcel,Express,680,Delayed
SHP00893,2025-10-27,2025-10-29,Individual,East,South,Fragile,Express,312,Failed
SHP00668,2025-10-27,2025-10-28,Business,West,Central,Parcel,Standard,111,Delayed
SHP00991,2025-10-27,2025-10-31,Business,North,Central,Parcel,Express,407,Delivered
SHP00626,2025-10-28,2025-10-30,Individual,North,South,Fragile,Express,347,Delivered
SHP00504,2025-10-29,2025-11-01,Business,North,Central,Parcel,Express,351,Delivered
SHP01533,2025-10-30,2025-11-05,Individual,South,South,Parcel,Standard,183,Delivered
SHP01725,2025-10-31,2025-11-05,Business,East,North,Document,Express,153,Delivered
SHP00911,2025-10-31,2025-11-04,Individual,South,South,Fragile,Standard,400,Delivered
SHP01623,2025-10-31,2025-11-02,Individual,East,East,Parcel,Standard,105,Delivered
SHP01865,2025-11-02,2025-11-03,Individual,North,North,Parcel,Express,521,Failed
SHP01233,2025-11-02,2025-11-07,Business,East,East,Fragile,Same Day,405,Delivered
SHP00487,2025-11-02,2025-11-05,Individual,East,East,Parcel,Express,381,Delivered
SHP01810,2025-11-02,2025-11-03,Individual,Central,East,Parcel,Express,220,Delivered
SHP00628,2025-11-02,2025-11-07,Individual,Central,Central,Parcel,Standard,348,Delivered
SHP01360,2025-11-03,2025-11-04,Individual,East,East,Fragile,Standard,354,Delivered
SHP01666,2025-11-03,2025-11-08,Individual,South,West,Fragile,Express,466,Delayed
SHP00571,2025-11-04,2025-11-07,Business,East,East,Parcel,Standard,437,Delivered
SHP01247,2025-11-05,2025-11-11,Individual,West,West,Document,Express,190,Delayed
SHP00400,2025-11-06,2025-11-07,Business,West,South,Document,Express,655,Delayed
SHP01028,2025-11-06,2025-11-08,Individual,South,South,Parcel,Standard,362,Delivered
SHP00507,2025-11-06,2025-11-11,Individual,North,Central,Parcel,Standard,348,Delivered
SHP00555,2025-11-07,2025-11-08,Individual,Central,North,Document,Standard,265,Delivered
SHP01770,2025-11-08,2025-11-14,Individual,North,Central,Document,Standard,349,Failed
SHP01648,2025-11-12,2025-11-16,Individual,South,West,Fragile,Express,371,Delivered
SHP00634,2025-11-12,2025-11-15,Individual,Central,Central,Parcel,Standard,138,Delivered
SHP00298,2025-11-12,2025-11-16,Individual,Central,North,Parcel,Express,304,Delivered
SHP00126,2025-11-12,2025-11-15,Business,West,Central,Parcel,Standard,145,Cancelled
SHP00846,2025-11-13,2025-11-17,Business,North,North,Electronics,Standard,500,Delivered
SHP00139,2025-11-14,2025-11-16,Individual,South,North,Document,Standard,219,Delivered
SHP00099,2025-11-14,2025-11-16,Individual,South,Central,Document,Express,160,Delivered
SHP00486,2025-11-15,2025-11-19,Individual,Central,North,Parcel,Standard,480,Delivered
SHP00281,2025-11-15,2025-11-18,Business,North,Central,Fragile,Standard,383,Delivered
SHP01408,2025-11-15,2025-11-16,Individual,North,West,Parcel,Express,489,Delivered
SHP00561,2025-11-15,2025-11-22,Individual,East,North,Parcel,Same Day,770,Failed
SHP01972,2025-11-16,2025-11-22,Individual,West,South,Electronics,Standard,244,Delayed
SHP00264,2025-11-16,2025-11-17,Individual,Central,North,Parcel,Express,568,Delivered
SHP01664,2025-11-17,2025-11-19,Individual,South,North,Fragile,Standard,458,Delayed
SHP00028,2025-11-17,2025-11-21,Individual,South,West,Fragile,Standard,225,Delivered
SHP01273,2025-11-17,2025-11-21,Business,East,Central,Fragile,Same Day,220,Failed
SHP01492,2025-11-17,2025-11-20,Individual,North,Central,Electronics,Express,193,Delivered
SHP00220,2025-11-18,2025-11-19,Individual,South,East,Fragile,Standard,404,Delivered
SHP01553,2025-11-18,2025-11-20,Individual,Central,East,Parcel,Express,438,Delivered
SHP01087,2025-11-18,2025-11-23,Individual,East,East,Parcel,Standard,185,Delayed
SHP00543,2025-11-19,2025-11-21,Individual,West,East,Fragile,Standard,447,Delivered
SHP01171,2025-11-19,2025-11-20,Business,North,South,Document,Standard,342,Delivered
SHP00898,2025-11-19,2025-11-21,Individual,West,East,Parcel,Express,462,Delivered
SHP00374,2025-11-20,2025-11-24,Individual,Central,North,Parcel,Standard,418,Delivered
SHP00751,2025-11-20,2025-11-26,Business,East,North,Electronics,Standard,142,Delivered
SHP01822,2025-11-20,2025-11-21,Individual,Central,West,Document,Standard,307,Delivered
SHP01174,2025-11-20,2025-11-23,Individual,Central,East,Parcel,Standard,271,Delivered
SHP00377,2025-11-21,2025-11-23,Business,North,West,Parcel,Standard,345,Delivered
SHP01512,2025-11-21,2025-11-23,Individual,South,Central,Parcel,Express,540,Delivered
SHP00702,2025-11-22,2025-11-23,Individual,West,West,Document,Standard,228,Delivered
SHP01023,2025-11-23,2025-11-25,Individual,South,East,Electronics,Express,151,Delivered
SHP01516,2025-11-23,2025-11-28,Individual,West,West,Parcel,Standard,206,Delivered
SHP01323,2025-11-23,2025-11-27,Business,East,East,Fragile,Express,626,Delivered
SHP01410,2025-11-25,2025-11-28,Individual,East,West,Parcel,Standard,300,Delivered
SHP00343,2025-11-27,2025-12-04,Individual,East,East,Parcel,Same Day,632,Failed
SHP01129,2025-11-27,2025-11-29,Individual,South,West,Electronics,Standard,426,Delivered
SHP00509,2025-11-28,2025-11-30,Individual,South,East,Parcel,Standard,433,Delivered
SHP01209,2025-11-28,2025-12-01,Individual,South,Central,Fragile,Express,690,Delivered
SHP00418,2025-11-29,2025-12-02,Individual,South,North,Document,Standard,454,Delivered
SHP00670,2025-11-29,2025-12-04,Business,North,East,Parcel,Express,458,Delivered
SHP00144,2025-11-29,2025-12-01,Individual,West,West,Fragile,Express,416,Delivered
SHP01870,2025-11-30,2025-12-02,Individual,South,Central,Document,Express,277,Delivered
SHP01684,2025-11-30,2025-12-02,Business,North,North,Document,Standard,357,Delayed
SHP01224,2025-11-30,2025-12-03,Business,North,North,Fragile,Express,391,Delivered
SHP01243,2025-11-30,2025-12-02,Individual,East,Central,Fragile,Standard,345,Delivered
SHP00254,2025-11-30,2025-12-03,Individual,West,West,Parcel,Standard,210,Delivered
SHP00024,2025-11-30,2025-12-02,Individual,South,Central,Electronics,Express,323,Delivered
SHP00961,2025-11-30,2025-12-05,Business,West,Central,Electronics,Same Day,855,Delivered
SHP01018,2025-12-02,2025-12-03,Individual,East,North,Fragile,Standard,244,Delivered
SHP01872,2025-12-03,2025-12-04,Individual,Central,South,Parcel,Standard,499,Delayed
SHP00053,2025-12-03,2025-12-05,Individual,South,West,Document,Standard,329,Delivered
SHP01272,2025-12-04,2025-12-06,Individual,South,Central,Parcel,Standard,447,Delivered
SHP00336,2025-12-04,2025-12-11,Individual,West,West,Electronics,Standard,145,Delivered
SHP01551,2025-12-04,2025-12-10,Individual,South,East,Parcel,Standard,450,Delivered
SHP01267,2025-12-05,2025-12-07,Business,North,North,Parcel,Express,661,Delivered
SHP01144,2025-12-05,2025-12-08,Individual,North,West,Parcel,Same Day,369,Delivered
SHP00968,2025-12-07,2025-12-10,Individual,West,East,Parcel,Express,437,Delayed
SHP01698,2025-12-08,2025-12-15,Individual,North,East,Parcel,Standard,139,Delivered
SHP00526,2025-12-09,2025-12-15,Individual,South,East,Parcel,Express,476,Delayed
SHP00551,2025-12-09,2025-12-11,Individual,North,Central,Parcel,Standard,440,Delivered
SHP00965,2025-12-09,2025-12-16,Individual,South,North,Fragile,Same Day,180,Delivered
SHP00887,2025-12-10,2025-12-13,Individual,Central,West,Electronics,Express,550,Delivered
SHP01153,2025-12-10,2025-12-14,Individual,Central,North,Parcel,Same Day,436,Delivered
SHP01072,2025-12-10,2025-12-16,Business,West,South,Electronics,Standard,455,Delayed
SHP00136,2025-12-10,2025-12-13,Individual,East,Central,Parcel,Express,315,Delayed
SHP01568,2025-12-11,2025-12-16,Business,North,West,Document,Express,591,Delivered
SHP01078,2025-12-11,2025-12-13,Individual,South,Central,Parcel,Standard,233,Delivered
SHP00833,2025-12-12,2025-12-15,Business,South,South,Fragile,Standard,293,Delivered
SHP01046,2025-12-13,2025-12-16,Individual,North,North,Parcel,Express,302,Delivered
SHP00979,2025-12-14,2025-12-17,Business,South,North,Parcel,Standard,359,Delivered
SHP00556,2025-12-14,2025-12-19,Individual,Central,West,Fragile,Standard,94,Delivered
SHP01361,2025-12-14,2025-12-16,Business,Central,North,Document,Express,386,Delivered
SHP00682,2025-12-14,2025-12-17,Individual,North,North,Document,Express,335,Delivered
SHP00466,2025-12-14,2025-12-19,Individual,South,South,Parcel,Same Day,459,Delivered
SHP01609,2025-12-15,2025-12-21,Individual,South,West,Document,Express,315,Delivered
SHP01898,2025-12-15,2025-12-18,Business,South,North,Electronics,Standard,499,Delayed
SHP00732,2025-12-15,2025-12-17,Business,East,South,Parcel,Standard,151,Delivered
SHP01275,2025-12-16,2025-12-21,Individual,Central,East,Fragile,Same Day,218,Delayed
SHP01385,2025-12-16,2025-12-19,Business,North,Central,Electronics,Standard,188,Delivered
SHP00562,2025-12-17,2025-12-20,Individual,North,East,Parcel,Standard,490,Delivered
SHP00426,2025-12-18,2025-12-19,Business,East,East,Parcel,Standard,199,Delivered
SHP00658,2025-12-19,2025-12-23,Individual,South,East,Electronics,Express,690,Delivered
SHP00064,2025-12-20,2025-12-23,Individual,South,South,Parcel,Standard,210,Delivered
SHP01651,2025-12-20,2025-12-23,Individual,North,Central,Parcel,Standard,336,Delivered
SHP01342,2025-12-21,2025-12-24,Business,West,West,Parcel,Express,178,Delivered
SHP00984,2025-12-21,2025-12-28,Business,West,East,Parcel,Standard,261,Cancelled
SHP01111,2025-12-22,2025-12-23,Individual,North,Central,Parcel,Standard,183,Delivered
SHP00909,2025-12-23,2025-12-26,Individual,South,West,Parcel,Express,220,Delivered
SHP00737,2025-12-24,2025-12-28,Individual,South,South,Parcel,Express,204,Delivered
SHP00772,2025-12-25,2025-12-28,Business,South,West,Document,Express,335,Delivered
SHP01566,2025-12-25,2025-12-28,Individual,South,West,Parcel,Standard,110,Delivered
SHP01902,2025-12-26,2025-12-27,Individual,North,Central,Electronics,Express,245,Failed
SHP01334,2025-12-26,2025-12-30,Individual,West,South,Parcel,Standard,111,Delivered
SHP01642,2025-12-26,2025-12-29,Individual,East,East,Fragile,Express,438,Delivered
SHP00100,2025-12-26,2025-12-30,Individual,East,West,Parcel,Standard,386,Delivered
SHP00662,2025-12-26,2025-12-27,Business,Central,Central,Electronics,Standard,114,Delivered
SHP00290,2025-12-27,2025-12-30,Business,Central,East,Fragile,Standard,465,Delayed
SHP01089,2025-12-27,2025-12-28,Business,Central,South,Document,Express,333,Delivered
SHP00385,2025-12-27,2026-01-02,Individual,North,West,Electronics,Standard,167,Delivered
SHP01170,2025-12-27,2026-01-03,Individual,North,South,Fragile,Standard,303,Delivered
SHP01712,2025-12-27,2025-12-31,Individual,North,East,Document,Express,364,Delivered
SHP00397,2025-12-29,2026-01-02,Individual,South,North,Parcel,Same Day,360,Delivered
SHP01349,2025-12-29,2026-01-01,Business,North,South,Fragile,Standard,409,Delayed
SHP00416,2025-12-29,2026-01-01,Individual,West,Central,Parcel,Standard,338,Delivered
SHP00055,2025-12-30,2026-01-01,Business,South,Central,Document,Standard,425,Delivered
SHP00152,2025-12-30,2026-01-04,Business,Central,East,Parcel,Express,206,Delivered
SHP01260,2025-12-31,2026-01-05,Individual,East,North,Parcel,Express,610,Delivered
SHP01009,2025-12-31,2026-01-02,Business,North,East,Parcel,Standard,81,Delivered
SHP00511,2026-01-01,2026-01-04,Individual,Central,South,Parcel,Standard,128,Delivered
SHP00519,2026-01-01,2026-01-03,Business,East,South,Fragile,Standard,387,Failed
SHP01433,2026-01-01,2026-01-02,Individual,Central,North,Electronics,Standard,169,Delivered
SHP00443,2026-01-02,2026-01-06,Individual,South,West,Document,Same Day,542,Delivered
SHP01328,2026-01-03,2026-01-05,Individual,West,Central,Parcel,Standard,82,Delivered
SHP00427,2026-01-04,2026-01-09,Individual,South,East,Parcel,Express,223,Delivered
SHP00952,2026-01-04,2026-01-09,Business,South,South,Parcel,Standard,370,Delivered
SHP01574,2026-01-05,2026-01-08,Individual,South,North,Document,Express,399,Delayed
SHP00499,2026-01-05,2026-01-08,Individual,East,South,Parcel,Standard,309,Delivered
SHP00983,2026-01-05,2026-01-10,Individual,Central,South,Parcel,Express,301,Delivered
SHP00591,2026-01-07,2026-01-11,Individual,West,North,Electronics,Express,435,Delivered
SHP01289,2026-01-07,2026-01-10,Individual,South,Central,Parcel,Express,116,Delivered
SHP01188,2026-01-07,2026-01-09,Business,North,West,Document,Standard,333,Delayed
SHP01748,2026-01-07,2026-01-10,Individual,South,West,Fragile,Standard,346,Delivered
SHP00678,2026-01-08,2026-01-12,Business,East,West,Parcel,Standard,123,Cancelled
SHP00404,2026-01-08,2026-01-10,Individual,East,Central,Fragile,Express,130,Delivered
SHP01116,2026-01-08,2026-01-11,Business,North,Central,Fragile,Same Day,688,Delayed
SHP00514,2026-01-09,2026-01-10,Business,West,West,Electronics,Standard,237,Delivered
SHP00325,2026-01-10,2026-01-12,Business,East,West,Document,Express,689,Delayed
SHP01854,2026-01-11,2026-01-17,Individual,Central,Central,Fragile,Standard,356,Delivered
SHP00115,2026-01-12,2026-01-15,Individual,Central,West,Parcel,Express,392,Delayed
SHP01880,2026-01-13,2026-01-15,Individual,South,South,Parcel,Standard,223,Cancelled
SHP01031,2026-01-13,2026-01-16,Individual,West,Central,Document,Express,365,Failed
SHP01540,2026-01-13,2026-01-15,Individual,West,East,Parcel,Express,477,Delivered
SHP01691,2026-01-13,2026-01-15,Individual,Central,Central,Fragile,Express,134,Delayed
SHP00966,2026-01-15,2026-01-21,Business,South,West,Document,Express,553,Delivered
SHP01527,2026-01-15,2026-01-16,Individual,North,Central,Parcel,Standard,199,Delivered
SHP00698,2026-01-17,2026-01-20,Business,South,North,Fragile,Same Day,830,Delivered
SHP01128,2026-01-17,2026-01-20,Business,East,East,Parcel,Express,315,Delayed
SHP00019,2026-01-17,2026-01-22,Individual,Central,Central,Parcel,Express,634,Delivered
SHP01300,2026-01-17,2026-01-18,Business,West,South,Electronics,Express,151,Delivered
SHP01752,2026-01-18,2026-01-20,Individual,North,Central,Parcel,Standard,87,Delivered
SHP00121,2026-01-18,2026-01-19,Individual,West,South,Document,Standard,178,Delivered
SHP00675,2026-01-19,2026-01-21,Individual,South,South,Parcel,Express,311,Delivered
SHP00225,2026-01-19,2026-01-21,Individual,South,East,Fragile,Express,141,Delayed
SHP01407,2026-01-19,2026-01-21,Individual,South,North,Electronics,Express,220,Delivered
SHP01620,2026-01-20,2026-01-22,Individual,Central,West,Fragile,Standard,150,Delayed
SHP00446,2026-01-20,2026-01-26,Individual,Central,East,Fragile,Same Day,715,Delivered
SHP01039,2026-01-20,2026-01-21,Individual,Central,North,Parcel,Express,571,Delayed
SHP01454,2026-01-21,2026-01-24,Individual,West,South,Fragile,Express,409,Delivered
SHP00164,2026-01-21,2026-01-27,Individual,North,Central,Parcel,Same Day,421,Delivered
SHP00520,2026-01-21,2026-01-24,Business,West,South,Parcel,Standard,416,Delivered
SHP01165,2026-01-22,2026-01-24,Business,West,Central,Electronics,Standard,358,Delivered
SHP00383,2026-01-23,2026-01-28,Individual,South,South,Parcel,Standard,111,Delivered
SHP00470,2026-01-23,2026-01-26,Business,East,West,Parcel,Standard,297,Delivered
SHP01420,2026-01-24,2026-01-26,Business,Central,North,Electronics,Express,664,Delivered
SHP01445,2026-01-24,2026-01-29,Individual,Central,Central,Parcel,Standard,326,Delivered
SHP00827,2026-01-24,2026-01-28,Individual,West,South,Document,Standard,468,Delivered
SHP01036,2026-01-27,2026-01-31,Individual,North,Central,Parcel,Express,372,Delivered
SHP00273,2026-01-28,2026-02-01,Business,East,East,Parcel,Express,130,Cancelled
SHP01120,2026-01-28,2026-01-29,Business,West,Central,Fragile,Standard,88,Delivered
SHP00936,2026-01-28,2026-02-04,Individual,West,West,Fragile,Standard,428,Delivered
SHP00712,2026-01-28,2026-02-01,Individual,South,Central,Parcel,Standard,241,Delivered
SHP00603,2026-01-28,2026-01-31,Individual,North,Central,Parcel,Standard,177,Delivered
SHP01899,2026-01-28,2026-01-31,Individual,East,West,Electronics,Standard,444,Delivered
SHP00940,2026-01-30,2026-02-01,Individual,South,South,Parcel,Same Day,590,Delivered
SHP01229,2026-01-30,2026-02-03,Individual,Central,South,Parcel,Standard,370,Delivered
SHP00399,2026-01-30,2026-02-03,Individual,North,Central,Parcel,Express,407,Delivered
SHP01756,2026-01-30,2026-02-03,Individual,North,South,Document,Standard,476,Failed
SHP00619,2026-01-30,2026-02-01,Individual,North,West,Parcel,Standard,372,Delivered
SHP00361,2026-01-31,2026-02-03,Business,West,South,Parcel,Standard,451,Delivered
SHP01276,2026-02-01,2026-02-07,Individual,North,North,Parcel,Express,643,Delivered
SHP00580,2026-02-01,2026-02-05,Individual,West,Central,Fragile,Standard,166,Delivered
SHP00884,2026-02-01,2026-02-07,Business,East,East,Parcel,Standard,245,Cancelled
SHP00590,2026-02-02,2026-02-06,Business,East,East,Fragile,Express,181,Delivered
SHP00170,2026-02-02,2026-02-03,Individual,East,West,Parcel,Standard,383,Failed
SHP00493,2026-02-02,2026-02-05,Individual,North,Central,Parcel,Express,526,Delivered
SHP01832,2026-02-02,2026-02-04,Individual,Central,South,Parcel,Express,311,Delivered
SHP00070,2026-02-02,2026-02-03,Individual,East,South,Document,Express,680,Delayed
SHP00106,2026-02-05,2026-02-06,Individual,North,North,Document,Express,130,Delivered
SHP00583,2026-02-05,2026-02-08,Individual,North,West,Electronics,Standard,240,Delivered
SHP01950,2026-02-05,2026-02-10,Individual,Central,North,Fragile,Standard,290,Delivered
SHP00158,2026-02-05,2026-02-12,Business,Central,North,Document,Same Day,328,Delivered
SHP01842,2026-02-06,2026-02-09,Individual,Central,North,Parcel,Express,654,Delivered
SHP00917,2026-02-07,2026-02-08,Business,East,North,Electronics,Express,143,Delivered
SHP00363,2026-02-07,2026-02-12,Business,North,South,Document,Express,480,Delayed
SHP01679,2026-02-08,2026-02-12,Individual,West,East,Electronics,Standard,380,Delayed
SHP01713,2026-02-08,2026-02-09,Individual,South,West,Parcel,Standard,379,Delayed
SHP01755,2026-02-08,2026-02-11,Individual,Central,West,Parcel,Standard,157,Delivered
SHP01995,2026-02-08,2026-02-11,Individual,North,South,Electronics,Standard,393,Delivered
SHP00010,2026-02-08,2026-02-10,Individual,West,North,Parcel,Standard,105,Delivered
SHP01954,2026-02-08,2026-02-11,Business,East,North,Document,Express,368,Delivered
SHP00574,2026-02-09,2026-02-14,Individual,South,North,Parcel,Standard,220,Delivered
SHP00552,2026-02-09,2026-02-11,Business,West,East,Parcel,Express,494,Failed
SHP01159,2026-02-10,2026-02-14,Individual,East,West,Electronics,Express,395,Delivered
SHP01931,2026-02-11,2026-02-14,Individual,Central,West,Electronics,Express,270,Delivered
SHP00309,2026-02-12,2026-02-17,Individual,South,West,Fragile,Standard,121,Delivered
SHP01382,2026-02-12,2026-02-16,Business,Central,Central,Fragile,Standard,325,Delivered
SHP00957,2026-02-13,2026-02-18,Business,East,North,Electronics,Express,451,Delivered
SHP01706,2026-02-14,2026-02-15,Individual,East,West,Parcel,Express,616,Delivered
SHP00388,2026-02-14,2026-02-15,Individual,North,West,Electronics,Same Day,839,Delivered
SHP01901,2026-02-14,2026-02-16,Individual,East,North,Parcel,Express,179,Delayed
SHP00047,2026-02-14,2026-02-16,Individual,East,North,Document,Standard,274,Delivered
SHP00760,2026-02-15,2026-02-21,Individual,South,West,Parcel,Standard,213,Delivered
SHP00041,2026-02-15,2026-02-18,Individual,North,West,Electronics,Express,430,Delivered
SHP01818,2026-02-16,2026-02-18,Individual,Central,North,Parcel,Standard,173,Delivered
SHP01076,2026-02-16,2026-02-20,Individual,North,South,Fragile,Express,266,Delivered
SHP00929,2026-02-16,2026-02-17,Business,Central,North,Fragile,Standard,85,Delivered
SHP00857,2026-02-17,2026-02-21,Individual,South,North,Parcel,Standard,161,Delayed
SHP01352,2026-02-17,2026-02-20,Individual,North,East,Parcel,Standard,390,Delivered
SHP01978,2026-02-18,2026-02-24,Individual,North,South,Fragile,Express,483,Delivered
SHP00091,2026-02-18,2026-02-22,Individual,West,North,Document,Standard,163,Delivered
SHP01956,2026-02-19,2026-02-24,Business,South,East,Document,Express,283,Failed
SHP01554,2026-02-19,2026-02-20,Business,West,West,Document,Express,410,Delivered
SHP01180,2026-02-19,2026-02-22,Business,West,East,Document,Standard,177,Delayed
SHP01218,2026-02-19,2026-02-21,Business,South,East,Electronics,Express,202,Delayed
SHP01593,2026-02-21,2026-02-26,Business,Central,West,Fragile,Express,559,Cancelled
SHP01962,2026-02-21,2026-02-24,Individual,East,North,Fragile,Express,227,Failed
SHP00500,2026-02-22,2026-02-27,Business,West,North,Parcel,Express,346,Delivered
SHP01746,2026-02-22,2026-02-24,Business,South,North,Parcel,Standard,125,Cancelled
SHP00270,2026-02-23,2026-02-25,Individual,North,Central,Document,Express,332,Cancelled
SHP00610,2026-02-23,2026-02-27,Individual,West,North,Parcel,Standard,176,Delivered
SHP00759,2026-02-23,2026-02-26,Individual,Central,North,Parcel,Express,396,Delivered
SHP01834,2026-02-23,2026-02-26,Individual,West,North,Parcel,Standard,440,Delivered
SHP01615,2026-02-25,2026-03-01,Business,Central,North,Fragile,Express,526,Delivered
SHP01897,2026-02-27,2026-03-03,Individual,South,East,Electronics,Express,697,Delivered
SHP01612,2026-02-27,2026-03-04,Business,East,Central,Parcel,Standard,208,Delivered
SHP01970,2026-02-28,2026-03-03,Business,North,West,Document,Express,512,Failed
SHP00338,2026-02-28,2026-03-04,Business,West,North,Document,Express,476,Failed
SHP00327,2026-03-01,2026-03-03,Business,East,Central,Parcel,Standard,385,Delivered
SHP00068,2026-03-02,2026-03-04,Individual,Central,Central,Parcel,Standard,389,Delivered
SHP00367,2026-03-02,2026-03-09,Business,East,Central,Parcel,Express,391,Delayed
SHP01310,2026-03-02,2026-03-05,Individual,Central,West,Document,Standard,197,Cancelled
SHP01608,2026-03-03,2026-03-06,Business,South,North,Document,Same Day,509,Delayed
SHP01309,2026-03-03,2026-03-08,Individual,East,North,Parcel,Standard,306,Delayed
SHP01783,2026-03-03,2026-03-06,Business,East,Central,Parcel,Express,174,Delivered
SHP00643,2026-03-04,2026-03-05,Individual,South,East,Parcel,Standard,381,Delivered
SHP00828,2026-03-04,2026-03-07,Individual,North,South,Parcel,Standard,160,Delivered
SHP01452,2026-03-04,2026-03-07,Business,North,Central,Document,Express,672,Delivered
SHP01024,2026-03-04,2026-03-09,Individual,East,South,Fragile,Same Day,425,Delivered
SHP00109,2026-03-05,2026-03-07,Individual,South,West,Parcel,Express,444,Delivered
SHP00454,2026-03-05,2026-03-07,Individual,Central,North,Document,Express,116,Delivered
SHP00542,2026-03-05,2026-03-12,Individual,East,East,Document,Express,465,Delivered
SHP01201,2026-03-06,2026-03-10,Individual,North,Central,Fragile,Standard,424,Delivered
SHP00130,2026-03-06,2026-03-07,Individual,South,Central,Document,Standard,416,Delivered
SHP01503,2026-03-07,2026-03-08,Individual,West,East,Parcel,Standard,220,Delayed
SHP00606,2026-03-07,2026-03-08,Business,Central,South,Electronics,Standard,118,Delivered
SHP01294,2026-03-07,2026-03-10,Individual,East,Central,Parcel,Same Day,688,Delivered
SHP00594,2026-03-08,2026-03-12,Individual,East,Central,Fragile,Standard,91,Delivered
SHP00232,2026-03-08,2026-03-11,Business,North,South,Parcel,Standard,300,Delivered
SHP00530,2026-03-08,2026-03-09,Business,Central,South,Fragile,Standard,410,Delivered
SHP00771,2026-03-08,2026-03-10,Individual,North,North,Parcel,Standard,403,Delivered
SHP00928,2026-03-10,2026-03-11,Business,East,West,Fragile,Express,276,Delivered
SHP00784,2026-03-10,2026-03-15,Individual,Central,West,Parcel,Standard,115,Delivered
SHP01744,2026-03-10,2026-03-16,Individual,South,Central,Document,Standard,182,Failed
SHP01545,2026-03-11,2026-03-14,Business,South,East,Document,Standard,498,Delayed
SHP00214,2026-03-11,2026-03-13,Business,North,West,Parcel,Standard,389,Delivered
SHP01366,2026-03-11,2026-03-13,Business,North,Central,Electronics,Standard,202,Delayed
SHP01350,2026-03-11,2026-03-15,Individual,Central,South,Parcel,Express,280,Delivered
SHP00332,2026-03-12,2026-03-15,Individual,East,Central,Electronics,Express,533,Delivered
SHP00360,2026-03-12,2026-03-16,Business,Central,East,Parcel,Express,433,Delivered
SHP01900,2026-03-12,2026-03-14,Individual,North,Central,Fragile,Express,497,Delivered
SHP00655,2026-03-14,2026-03-16,Business,North,Central,Parcel,Standard,170,Delivered
SHP00972,2026-03-15,2026-03-16,Business,South,South,Parcel,Same Day,527,Delayed
SHP01670,2026-03-15,2026-03-22,Individual,East,East,Parcel,Express,164,Delayed
SHP01431,2026-03-15,2026-03-17,Individual,Central,South,Parcel,Standard,300,Delivered
SHP00097,2026-03-15,2026-03-18,Individual,East,East,Parcel,Standard,208,Delivered
SHP00995,2026-03-15,2026-03-18,Business,East,West,Electronics,Express,416,Cancelled
SHP01101,2026-03-15,2026-03-18,Individual,North,East,Electronics,Same Day,853,Delivered
SHP00677,2026-03-16,2026-03-18,Individual,West,East,Fragile,Standard,489,Delivered
SHP00012,2026-03-16,2026-03-19,Individual,East,East,Fragile,Standard,443,Delivered
SHP00592,2026-03-16,2026-03-18,Individual,West,South,Document,Express,524,Delivered
SHP00815,2026-03-16,2026-03-21,Business,East,South,Parcel,Express,137,Delivered
SHP01154,2026-03-17,2026-03-18,Business,North,West,Fragile,Same Day,288,Delayed
SHP01030,2026-03-17,2026-03-19,Business,North,West,Document,Express,538,Delivered
SHP01397,2026-03-19,2026-03-22,Individual,Central,North,Parcel,Standard,235,Cancelled
SHP00686,2026-03-22,2026-03-23,Business,South,Central,Fragile,Standard,182,Delivered
SHP00858,2026-03-24,2026-03-30,Individual,Central,West,Electronics,Standard,304,Delivered
SHP00945,2026-03-24,2026-03-28,Business,Central,East,Document,Express,694,Delivered
SHP01544,2026-03-24,2026-03-29,Individual,North,South,Document,Standard,299,Delivered
SHP01122,2026-03-24,2026-03-28,Individual,South,East,Parcel,Standard,138,Delivered
SHP00489,2026-03-25,2026-04-01,Individual,South,Central,Parcel,Standard,156,Delayed
SHP00964,2026-03-25,2026-03-27,Individual,South,West,Fragile,Standard,256,Delayed
SHP00816,2026-03-25,2026-03-29,Individual,East,South,Document,Express,575,Delivered
SHP00835,2026-03-25,2026-03-27,Individual,West,West,Fragile,Express,539,Delivered
SHP00216,2026-03-26,2026-03-30,Business,South,North,Parcel,Standard,242,Failed
SHP01586,2026-03-26,2026-03-29,Individual,North,East,Parcel,Express,655,Delayed
SHP00060,2026-03-26,2026-03-27,Individual,East,South,Electronics,Standard,255,Delivered
SHP00196,2026-03-26,2026-03-29,Individual,South,North,Fragile,Express,454,Delivered
SHP00238,2026-03-26,2026-03-31,Business,West,Central,Electronics,Express,164,Delivered
SHP01217,2026-03-26,2026-03-29,Individual,Central,East,Fragile,Standard,219,Delivered
SHP01148,2026-03-27,2026-03-30,Business,South,Central,Parcel,Same Day,533,Delivered
SHP01062,2026-03-27,2026-03-29,Individual,Central,South,Fragile,Standard,160,Failed
SHP01022,2026-03-29,2026-04-02,Business,South,Central,Fragile,Express,609,Delivered
SHP01837,2026-03-30,2026-04-01,Individual,North,West,Parcel,Express,361,Delayed
SHP01836,2026-03-30,2026-04-02,Business,West,Central,Document,Express,406,Delivered
SHP00794,2026-03-31,2026-04-04,Business,South,West,Electronics,Standard,490,Delivered
SHP01013,2026-03-31,2026-04-03,Individual,Central,West,Electronics,Standard,128,Delayed
SHP01790,2026-04-01,2026-04-04,Individual,West,East,Parcel,Standard,112,Delivered
SHP00211,2026-04-01,2026-04-04,Business,West,North,Parcel,Standard,136,Delivered
SHP01785,2026-04-01,2026-04-05,Business,South,East,Parcel,Same Day,482,Delivered
SHP01564,2026-04-01,2026-04-05,Individual,West,North,Fragile,Standard,279,Delivered
SHP00953,2026-04-02,2026-04-03,Business,West,Central,Parcel,Standard,248,Delivered
SHP00315,2026-04-02,2026-04-06,Individual,West,Central,Parcel,Standard,388,Delayed
SHP00711,2026-04-02,2026-04-04,Individual,South,South,Parcel,Standard,296,Delivered
SHP00548,2026-04-02,2026-04-04,Individual,West,East,Fragile,Express,161,Delivered
SHP00481,2026-04-03,2026-04-04,Individual,South,Central,Electronics,Standard,158,Cancelled
SHP00529,2026-04-03,2026-04-05,Business,South,Central,Parcel,Same Day,243,Delivered
SHP01162,2026-04-04,2026-04-08,Individual,South,North,Fragile,Express,682,Delivered
SHP00861,2026-04-04,2026-04-05,Business,West,Central,Electronics,Express,616,Delivered
SHP00395,2026-04-05,2026-04-11,Individual,Central,Central,Parcel,Standard,461,Delivered
SHP01228,2026-04-05,2026-04-08,Individual,Central,West,Document,Standard,369,Delivered
SHP01088,2026-04-06,2026-04-08,Individual,North,East,Parcel,Express,372,Delivered
SHP00541,2026-04-06,2026-04-08,Business,Central,Central,Document,Standard,103,Cancelled
SHP01571,2026-04-07,2026-04-10,Individual,South,North,Parcel,Express,658,Delivered
SHP00845,2026-04-07,2026-04-10,Business,South,East,Parcel,Standard,259,Delivered
SHP01700,2026-04-07,2026-04-09,Individual,East,Central,Parcel,Standard,195,Delivered
SHP00278,2026-04-07,2026-04-09,Individual,West,North,Document,Standard,168,Delivered
SHP00474,2026-04-08,2026-04-12,Individual,South,West,Parcel,Standard,146,Delivered
SHP00651,2026-04-10,2026-04-13,Individual,East,Central,Document,Standard,485,Delivered
SHP00323,2026-04-10,2026-04-11,Business,North,Central,Document,Standard,423,Cancelled
SHP00925,2026-04-10,2026-04-16,Individual,North,Central,Document,Express,381,Delivered
SHP00031,2026-04-11,2026-04-14,Individual,West,West,Document,Standard,213,Delivered
SHP01788,2026-04-12,2026-04-14,Individual,North,South,Document,Standard,373,Delivered
SHP00934,2026-04-12,2026-04-14,Individual,West,West,Parcel,Express,125,Delivered
SHP00289,2026-04-13,2026-04-15,Business,Central,South,Parcel,Standard,85,Delivered
SHP01759,2026-04-14,2026-04-15,Individual,North,South,Fragile,Standard,275,Delivered
SHP00154,2026-04-15,2026-04-20,Individual,South,North,Parcel,Standard,463,Delivered
SHP01944,2026-04-15,2026-04-18,Individual,West,North,Fragile,Express,316,Cancelled
SHP00736,2026-04-15,2026-04-19,Business,West,North,Parcel,Same Day,283,Delivered
SHP01462,2026-04-16,2026-04-18,Individual,West,North,Document,Standard,192,Delivered
SHP01510,2026-04-16,2026-04-20,Individual,North,North,Parcel,Express,440,Delivered
SHP00997,2026-04-17,2026-04-19,Individual,Central,East,Parcel,Express,297,Delivered
SHP00636,2026-04-17,2026-04-18,Individual,East,South,Parcel,Standard,452,Delivered
SHP01471,2026-04-17,2026-04-22,Business,South,East,Document,Standard,238,Delivered
SHP00299,2026-04-17,2026-04-18,Individual,South,East,Parcel,Standard,321,Delivered
SHP00034,2026-04-20,2026-04-25,Individual,Central,Central,Fragile,Standard,107,Delivered
SHP01580,2026-04-21,2026-04-27,Individual,North,North,Parcel,Standard,478,Delivered
SHP00709,2026-04-22,2026-04-25,Business,East,East,Electronics,Same Day,401,Delayed
SHP01484,2026-04-23,2026-04-27,Individual,East,West,Parcel,Standard,119,Cancelled
SHP00823,2026-04-23,2026-04-27,Individual,North,East,Parcel,Express,169,Delivered
SHP00748,2026-04-24,2026-04-27,Individual,East,North,Document,Express,210,Delivered
SHP01915,2026-04-24,2026-04-28,Individual,North,South,Parcel,Same Day,783,Delivered
SHP01806,2026-04-25,2026-05-01,Business,South,North,Electronics,Express,679,Delayed
SHP01967,2026-04-25,2026-04-26,Business,Central,East,Parcel,Standard,309,Delivered
SHP00731,2026-04-26,2026-04-30,Business,West,South,Parcel,Standard,317,Delivered
SHP00620,2026-04-27,2026-04-30,Business,West,East,Parcel,Standard,337,Delivered
SHP01299,2026-04-28,2026-05-02,Individual,North,North,Electronics,Standard,499,Delivered
SHP00386,2026-04-28,2026-04-29,Individual,East,Central,Parcel,Express,199,Delivered
SHP00897,2026-04-28,2026-05-02,Business,West,Central,Fragile,Standard,411,Failed
SHP01175,2026-04-29,2026-05-01,Individual,East,East,Parcel,Standard,476,Delivered
SHP00428,2026-04-30,2026-05-05,Business,South,West,Parcel,Standard,121,Delivered
SHP01563,2026-04-30,2026-05-04,Individual,Central,East,Parcel,Express,536,Delivered
SHP00774,2026-04-30,2026-05-07,Business,North,South,Document,Standard,189,Delivered
SHP00373,2026-05-01,2026-05-03,Business,Central,West,Fragile,Standard,178,Delivered
SHP00539,2026-05-02,2026-05-05,Individual,East,West,Parcel,Standard,207,Delivered
SHP00585,2026-05-02,2026-05-05,Individual,Central,West,Fragile,Standard,155,Delivered
SHP00977,2026-05-03,2026-05-10,Business,East,Central,Document,Express,416,Delivered
SHP00291,2026-05-03,2026-05-06,Individual,South,East,Parcel,Standard,350,Delivered
SHP00266,2026-05-03,2026-05-05,Individual,East,Central,Fragile,Standard,438,Delivered
SHP00149,2026-05-04,2026-05-08,Individual,East,West,Parcel,Standard,494,Delivered
SHP01907,2026-05-05,2026-05-10,Individual,East,West,Parcel,Standard,361,Delivered
SHP01245,2026-05-05,2026-05-10,Business,South,West,Fragile,Standard,315,Delivered
SHP00020,2026-05-06,2026-05-08,Individual,North,West,Fragile,Standard,383,Delayed
SHP01658,2026-05-06,2026-05-08,Business,Central,North,Parcel,Standard,369,Cancelled
SHP01653,2026-05-08,2026-05-14,Individual,East,North,Parcel,Standard,280,Delivered
SHP01779,2026-05-08,2026-05-12,Business,East,Central,Fragile,Same Day,441,Delivered
SHP00595,2026-05-08,2026-05-11,Business,North,North,Parcel,Express,580,Delivered
SHP01994,2026-05-09,2026-05-16,Business,East,Central,Electronics,Standard,275,Delivered
SHP00339,2026-05-10,2026-05-17,Business,South,Central,Parcel,Standard,202,Delivered
SHP00001,2026-05-10,2026-05-17,Individual,Central,Central,Document,Standard,168,Failed
SHP01426,2026-05-11,2026-05-14,Individual,South,East,Fragile,Standard,266,Cancelled
SHP01485,2026-05-11,2026-05-14,Business,North,South,Document,Same Day,565,Delivered
SHP00174,2026-05-13,2026-05-15,Individual,Central,South,Document,Standard,251,Delivered
SHP00114,2026-05-13,2026-05-17,Individual,North,North,Document,Standard,307,Delivered
SHP00814,2026-05-14,2026-05-20,Individual,North,East,Parcel,Express,643,Delivered
SHP01440,2026-05-15,2026-05-17,Business,North,Central,Parcel,Express,472,Delivered
SHP01242,2026-05-15,2026-05-19,Individual,North,West,Electronics,Standard,320,Delivered
SHP01058,2026-05-15,2026-05-17,Business,Central,South,Parcel,Standard,194,Delivered
SHP01577,2026-05-16,2026-05-19,Individual,East,East,Document,Express,218,Delivered
SHP01451,2026-05-16,2026-05-17,Business,East,South,Fragile,Express,654,Delivered
SHP00314,2026-05-16,2026-05-19,Business,East,Central,Parcel,Standard,213,Delivered
SHP00412,2026-05-16,2026-05-17,Individual,West,West,Parcel,Standard,497,Delayed
SHP01304,2026-05-18,2026-05-21,Individual,Central,Central,Document,Same Day,257,Delivered
SHP00512,2026-05-18,2026-05-21,Individual,West,South,Document,Standard,435,Delivered
SHP00108,2026-05-20,2026-05-22,Individual,East,East,Document,Standard,210,Failed
SHP01371,2026-05-20,2026-05-24,Individual,East,West,Parcel,Express,476,Delivered
SHP00831,2026-05-21,2026-05-22,Individual,North,South,Parcel,Express,266,Delivered
SHP00008,2026-05-21,2026-05-24,Business,Central,North,Electronics,Standard,146,Delivered
SHP00179,2026-05-21,2026-05-24,Individual,North,Central,Document,Standard,473,Delivered
SHP00413,2026-05-22,2026-05-25,Business,North,West,Electronics,Express,449,Delayed
SHP00769,2026-05-22,2026-05-26,Business,North,East,Electronics,Express,616,Delivered
SHP01417,2026-05-22,2026-05-25,Business,North,South,Parcel,Express,694,Delayed
SHP01398,2026-05-23,2026-05-28,Business,West,West,Parcel,Express,692,Delayed
SHP00463,2026-05-25,2026-05-30,Individual,East,East,Document,Standard,124,Delivered
SHP00883,2026-05-25,2026-05-30,Business,North,East,Fragile,Express,318,Failed
SHP00310,2026-05-26,2026-05-28,Individual,Central,North,Document,Standard,475,Delivered
SHP00704,2026-05-26,2026-05-31,Individual,Central,South,Fragile,Express,682,Delayed
SHP00531,2026-05-26,2026-05-28,Business,West,West,Parcel,Same Day,315,Delayed
SHP00209,2026-05-27,2026-05-31,Individual,East,East,Fragile,Same Day,349,Delivered
SHP01284,2026-05-28,2026-05-31,Individual,South,South,Parcel,Standard,479,Cancelled
SHP00066,2026-05-28,2026-05-31,Business,West,North,Fragile,Express,241,Delivered
SHP00234,2026-05-28,2026-05-31,Individual,East,Central,Electronics,Standard,165,Delivered
SHP00188,2026-05-30,2026-06-02,Individual,West,Central,Parcel,Express,564,Delivered
SHP00564,2026-05-30,2026-06-02,Business,North,Central,Electronics,Express,538,Delivered
SHP00726,2026-05-30,2026-06-03,Individual,South,North,Parcel,Same Day,437,Delivered
SHP00524,2026-06-01,2026-06-02,Individual,North,East,Parcel,Express,466,Delivered
SHP00671,2026-06-01,2026-06-06,Business,North,South,Fragile,Standard,438,Delivered
SHP01086,2026-06-01,2026-06-02,Individual,West,East,Parcel,Standard,413,Delivered
SHP01829,2026-06-01,2026-06-04,Individual,East,North,Fragile,Standard,373,Delivered
SHP01296,2026-06-02,2026-06-03,Business,East,West,Electronics,Express,690,Delivered
SHP00161,2026-06-02,2026-06-04,Individual,Central,North,Fragile,Standard,213,Delivered
SHP00312,2026-06-02,2026-06-03,Business,North,Central,Parcel,Same Day,414,Delivered
SHP00430,2026-06-03,2026-06-06,Individual,South,East,Document,Standard,89,Delivered
SHP01160,2026-06-03,2026-06-04,Business,North,North,Fragile,Express,176,Delivered
SHP00491,2026-06-04,2026-06-08,Business,East,East,Fragile,Express,267,Delivered
SHP01266,2026-06-04,2026-06-07,Business,North,East,Electronics,Express,287,Delivered
SHP01491,2026-06-04,2026-06-07,Individual,South,South,Parcel,Standard,156,Delivered
SHP01377,2026-06-05,2026-06-07,Business,West,West,Fragile,Express,231,Delivered
SHP01641,2026-06-05,2026-06-07,Individual,Central,West,Parcel,Express,336,Cancelled
SHP01293,2026-06-05,2026-06-08,Individual,Central,West,Parcel,Standard,97,Delivered
SHP01974,2026-06-06,2026-06-08,Individual,Central,North,Electronics,Express,445,Delivered
SHP00850,2026-06-06,2026-06-09,Individual,West,East,Electronics,Standard,98,Delivered
SHP01356,2026-06-07,2026-06-12,Business,South,North,Document,Express,515,Delivered
SHP01639,2026-06-09,2026-06-13,Individual,West,Central,Parcel,Standard,109,Delivered
SHP00435,2026-06-09,2026-06-11,Individual,West,Central,Fragile,Standard,165,Delivered
SHP01599,2026-06-09,2026-06-15,Individual,Central,South,Parcel,Standard,486,Delivered
SHP01472,2026-06-09,2026-06-12,Business,North,Central,Electronics,Express,567,Delivered
SHP01959,2026-06-10,2026-06-13,Individual,East,Central,Document,Standard,266,Delivered
SHP00113,2026-06-10,2026-06-16,Individual,North,Central,Parcel,Same Day,626,Delayed
SHP01528,2026-06-10,2026-06-14,Individual,West,West,Parcel,Standard,358,Cancelled
SHP01181,2026-06-11,2026-06-14,Business,North,West,Fragile,Standard,447,Delivered
SHP01114,2026-06-12,2026-06-16,Individual,Central,West,Document,Express,552,Delivered
SHP01395,2026-06-13,2026-06-18,Individual,Central,North,Electronics,Standard,123,Delivered
SHP00475,2026-06-13,2026-06-16,Individual,North,North,Document,Express,462,Delivered
SHP00371,2026-06-14,2026-06-16,Individual,West,West,Fragile,Express,253,Delivered
SHP00335,2026-06-15,2026-06-16,Individual,South,South,Parcel,Standard,96,Delivered
SHP00190,2026-06-15,2026-06-17,Individual,West,South,Parcel,Standard,263,Delivered
SHP00755,2026-06-16,2026-06-22,Business,East,North,Fragile,Standard,472,Delivered
SHP00043,2026-06-16,2026-06-17,Business,Central,Central,Parcel,Express,535,Delivered
SHP00713,2026-06-17,2026-06-22,Business,South,North,Document,Same Day,308,Delivered
SHP01325,2026-06-17,2026-06-19,Individual,Central,North,Electronics,Express,693,Delivered
SHP01793,2026-06-17,2026-06-20,Individual,North,East,Fragile,Standard,191,Delayed
SHP01392,2026-06-18,2026-06-24,Individual,South,North,Parcel,Same Day,373,Delivered
SHP00622,2026-06-18,2026-06-21,Business,West,East,Document,Same Day,583,Delivered
SHP00624,2026-06-18,2026-06-21,Individual,North,West,Document,Standard,202,Delivered
SHP00607,2026-06-18,2026-06-22,Individual,Central,North,Document,Same Day,211,Delayed
SHP01857,2026-06-19,2026-06-21,Business,West,South,Fragile,Standard,224,Delivered
SHP00750,2026-06-20,2026-06-23,Business,Central,North,Electronics,Express,431,Delivered
SHP01795,2026-06-20,2026-06-25,Business,West,South,Parcel,Standard,116,Delayed
SHP00279,2026-06-21,2026-06-26,Individual,North,Central,Parcel,Express,661,Delivered
SHP01425,2026-06-21,2026-06-26,Individual,North,East,Document,Standard,300,Delayed
SHP00974,2026-06-23,2026-06-26,Business,South,South,Document,Standard,406,Failed
SHP01015,2026-06-24,2026-06-26,Individual,East,South,Fragile,Standard,107,Delivered
SHP01282,2026-06-25,2026-06-28,Individual,East,East,Parcel,Express,601,Delivered
SHP01405,2026-06-27,2026-06-30,Individual,South,Central,Document,Express,482,Delivered
SHP00522,2026-06-27,2026-06-29,Individual,Central,North,Fragile,Standard,350,Delayed
SHP01630,2026-06-27,2026-07-02,Business,Central,Central,Parcel,Express,406,Delivered
SHP00951,2026-06-28,2026-07-01,Individual,North,Central,Fragile,Same Day,830,Delivered
SHP01450,2026-06-29,2026-06-30,Individual,West,East,Document,Standard,148,Delivered
SHP00761,2026-06-29,2026-07-04,Individual,North,West,Parcel,Standard,161,Delivered
SHP00351,2026-06-30,2026-07-01,Business,South,Central,Document,Express,603,Failed
SHP01728,2026-06-30,2026-07-06,Business,South,Central,Electronics,Standard,290,Delivered
SHP00451,2026-07-01,2026-07-05,Business,West,East,Parcel,Standard,292,Delivered
SHP01413,2026-07-02,2026-07-05,Individual,East,South,Parcel,Express,146,Delivered
SHP00208,2026-07-02,2026-07-05,Individual,West,North,Parcel,Standard,220,Delivered
SHP01197,2026-07-02,2026-07-06,Individual,South,West,Parcel,Express,232,Delivered
SHP01660,2026-07-03,2026-07-04,Individual,West,East,Fragile,Express,246,Delivered
SHP00960,2026-07-03,2026-07-06,Business,West,West,Parcel,Standard,332,Delivered
SHP01326,2026-07-04,2026-07-06,Individual,North,Central,Document,Same Day,301,Delivered
SHP01258,2026-07-04,2026-07-06,Individual,Central,North,Parcel,Standard,193,Delivered
SHP01570,2026-07-05,2026-07-07,Individual,North,South,Parcel,Standard,162,Delivered
SHP01798,2026-07-05,2026-07-09,Business,East,Central,Document,Express,699,Cancelled
SHP01264,2026-07-06,2026-07-10,Business,West,North,Parcel,Standard,334,Delayed
SHP00768,2026-07-06,2026-07-07,Individual,South,South,Parcel,Express,456,Delivered
SHP01369,2026-07-06,2026-07-13,Individual,East,West,Parcel,Standard,476,Delivered
SHP01523,2026-07-07,2026-07-10,Individual,South,West,Parcel,Standard,376,Delivered
SHP00674,2026-07-07,2026-07-08,Individual,North,South,Fragile,Standard,413,Cancelled
SHP01478,2026-07-07,2026-07-10,Individual,North,West,Parcel,Standard,401,Delivered
SHP00584,2026-07-07,2026-07-09,Individual,West,North,Electronics,Express,307,Delayed
SHP00402,2026-07-08,2026-07-12,Individual,North,South,Parcel,Express,220,Delivered
SHP00719,2026-07-08,2026-07-11,Business,West,Central,Parcel,Standard,182,Delivered
SHP01678,2026-07-09,2026-07-14,Individual,North,Central,Parcel,Standard,327,Delivered
SHP00275,2026-07-09,2026-07-15,Individual,North,West,Document,Express,587,Delivered
SHP01134,2026-07-09,2026-07-15,Individual,South,North,Parcel,Express,454,Delivered
SHP01110,2026-07-09,2026-07-14,Individual,North,East,Parcel,Standard,152,Delivered
SHP01938,2026-07-09,2026-07-10,Individual,East,South,Parcel,Express,546,Delivered
SHP01187,2026-07-09,2026-07-12,Business,South,North,Document,Standard,174,Delivered
SHP01016,2026-07-10,2026-07-15,Individual,West,West,Parcel,Standard,127,Delivered
SHP00803,2026-07-11,2026-07-14,Individual,Central,Central,Parcel,Same Day,286,Delivered
SHP01419,2026-07-12,2026-07-14,Individual,East,Central,Fragile,Standard,294,Delivered
SHP00521,2026-07-13,2026-07-16,Business,North,West,Parcel,Express,333,Delivered
SHP00926,2026-07-13,2026-07-15,Business,Central,Central,Fragile,Express,347,Cancelled
SHP01133,2026-07-14,2026-07-16,Individual,South,Central,Parcel,Express,514,Delivered
SHP00259,2026-07-16,2026-07-23,Individual,Central,East,Parcel,Standard,192,Delivered
SHP00517,2026-07-17,2026-07-19,Individual,East,West,Parcel,Standard,138,Delivered
SHP00176,2026-07-17,2026-07-20,Individual,East,South,Parcel,Standard,96,Delivered
SHP00482,2026-07-17,2026-07-18,Individual,West,North,Parcel,Express,532,Failed
SHP00092,2026-07-18,2026-07-25,Business,South,Central,Fragile,Express,400,Delivered
SHP01781,2026-07-19,2026-07-21,Business,East,West,Parcel,Standard,229,Delayed
SHP01443,2026-07-20,2026-07-26,Individual,North,East,Document,Express,238,Delivered
SHP01001,2026-07-22,2026-07-28,Individual,North,South,Parcel,Same Day,268,Delivered
SHP01307,2026-07-22,2026-07-26,Individual,East,Central,Fragile,Standard,266,Delayed
SHP00973,2026-07-22,2026-07-23,Business,East,Central,Electronics,Same Day,880,Cancelled
SHP00483,2026-07-22,2026-07-24,Individual,East,East,Parcel,Same Day,500,Delivered
SHP00440,2026-07-23,2026-07-28,Individual,South,Central,Parcel,Express,545,Cancelled
SHP01093,2026-07-23,2026-07-27,Individual,Central,Central,Parcel,Express,476,Delivered
SHP01964,2026-07-24,2026-07-28,Individual,North,South,Parcel,Express,158,Delivered
SHP00865,2026-07-24,2026-07-26,Business,North,West,Parcel,Express,553,Delivered
SHP01362,2026-07-24,2026-07-26,Individual,West,Central,Parcel,Express,378,Delivered
SHP01102,2026-07-24,2026-07-27,Business,West,South,Electronics,Express,171,Delivered
SHP00316,2026-07-24,2026-07-30,Business,South,East,Document,Standard,433,Delivered
SHP01164,2026-07-25,2026-08-01,Individual,East,North,Document,Express,696,Delayed
SHP00871,2026-07-25,2026-07-27,Individual,Central,South,Electronics,Standard,488,Delivered
SHP01152,2026-07-27,2026-07-29,Individual,North,North,Fragile,Standard,269,Delivered
SHP00881,2026-07-27,2026-07-29,Business,South,East,Document,Standard,342,Delivered
SHP01050,2026-07-27,2026-08-01,Individual,East,East,Parcel,Standard,251,Delivered
SHP01910,2026-07-28,2026-07-31,Business,South,West,Electronics,Standard,205,Delivered
SHP01456,2026-07-28,2026-07-30,Individual,North,North,Parcel,Standard,191,Delivered
SHP00976,2026-07-28,2026-07-31,Individual,Central,South,Electronics,Express,556,Delivered
SHP01582,2026-07-30,2026-08-01,Individual,Central,East,Parcel,Express,647,Delivered
SHP01979,2026-07-31,2026-08-05,Individual,South,West,Parcel,Standard,266,Cancelled
SHP01595,2026-08-01,2026-08-03,Individual,West,Central,Parcel,Same Day,592,Delivered
SHP00954,2026-08-01,2026-08-06,Business,South,South,Fragile,Standard,223,Delivered
SHP01904,2026-08-02,2026-08-03,Business,West,North,Parcel,Express,434,Delivered
SHP01942,2026-08-03,2026-08-05,Individual,South,Central,Document,Standard,437,Delivered
SHP00453,2026-08-03,2026-08-07,Business,West,South,Document,Standard,164,Delivered
SHP00924,2026-08-04,2026-08-07,Business,North,East,Parcel,Standard,422,Delivered
SHP01286,2026-08-04,2026-08-05,Individual,South,South,Parcel,Standard,453,Delivered
SHP01437,2026-08-04,2026-08-07,Individual,West,West,Parcel,Standard,232,Delayed
SHP00728,2026-08-04,2026-08-06,Individual,West,North,Fragile,Standard,85,Delivered
SHP00819,2026-08-05,2026-08-09,Individual,South,East,Fragile,Same Day,187,Delivered
SHP01775,2026-08-05,2026-08-09,Business,North,South,Parcel,Express,319,Delivered
SHP00434,2026-08-05,2026-08-06,Individual,East,North,Fragile,Standard,373,Delivered
SHP01277,2026-08-05,2026-08-10,Individual,East,West,Parcel,Standard,255,Delivered
SHP01145,2026-08-06,2026-08-12,Individual,South,East,Parcel,Standard,381,Delayed
SHP00809,2026-08-08,2026-08-12,Business,South,South,Electronics,Express,251,Delivered
SHP01636,2026-08-09,2026-08-12,Individual,Central,South,Parcel,Standard,441,Delivered
SHP00143,2026-08-09,2026-08-12,Business,West,West,Electronics,Express,200,Delayed
SHP01184,2026-08-09,2026-08-12,Individual,North,West,Parcel,Standard,122,Delivered
SHP00908,2026-08-09,2026-08-14,Business,North,North,Fragile,Express,584,Delivered
SHP00449,2026-08-11,2026-08-15,Individual,South,North,Document,Standard,203,Delivered
SHP00882,2026-08-12,2026-08-15,Business,South,North,Fragile,Express,368,Delivered
SHP00222,2026-08-12,2026-08-14,Individual,West,Central,Electronics,Express,399,Delayed
SHP01192,2026-08-12,2026-08-16,Individual,South,East,Parcel,Standard,479,Delayed
SHP00171,2026-08-12,2026-08-16,Individual,North,North,Document,Standard,320,Delivered
SHP01333,2026-08-13,2026-08-16,Individual,Central,East,Fragile,Express,449,Delivered
SHP01906,2026-08-13,2026-08-14,Individual,East,West,Document,Standard,169,Delivered
SHP01435,2026-08-13,2026-08-14,Business,East,East,Fragile,Standard,402,Delivered
SHP01701,2026-08-13,2026-08-14,Individual,North,North,Fragile,Standard,470,Delivered
SHP00014,2026-08-13,2026-08-16,Business,East,North,Document,Standard,139,Delivered
SHP00045,2026-08-13,2026-08-16,Individual,South,South,Parcel,Express,113,Delivered
SHP00376,2026-08-14,2026-08-18,Individual,West,North,Document,Standard,364,Delivered
SHP00212,2026-08-14,2026-08-15,Individual,North,North,Electronics,Express,645,Failed
SHP01428,2026-08-14,2026-08-17,Business,South,West,Parcel,Express,386,Delivered
SHP01063,2026-08-14,2026-08-17,Individual,Central,West,Document,Same Day,833,Delivered
SHP01497,2026-08-14,2026-08-17,Individual,South,East,Parcel,Express,112,Delivered
SHP00029,2026-08-15,2026-08-17,Business,East,South,Fragile,Express,490,Delivered
SHP01040,2026-08-15,2026-08-18,Individual,East,West,Parcel,Standard,436,Delivered
SHP00842,2026-08-15,2026-08-17,Individual,North,South,Parcel,Standard,264,Delivered
SHP00027,2026-08-15,2026-08-18,Business,South,South,Parcel,Same Day,871,Delivered
SHP00348,2026-08-15,2026-08-18,Individual,East,North,Document,Standard,471,Cancelled
SHP01124,2026-08-15,2026-08-17,Individual,Central,South,Document,Standard,271,Delivered
SHP01632,2026-08-16,2026-08-17,Individual,South,South,Document,Express,343,Delivered
SHP00516,2026-08-16,2026-08-17,Individual,East,West,Document,Standard,426,Cancelled
SHP01322,2026-08-17,2026-08-22,Individual,West,East,Parcel,Standard,486,Delayed
SHP00235,2026-08-17,2026-08-19,Individual,North,North,Document,Standard,256,Delivered
SHP00101,2026-08-18,2026-08-21,Individual,South,South,Document,Standard,278,Delivered
SHP01940,2026-08-19,2026-08-20,Business,North,South,Electronics,Standard,442,Delivered
SHP01581,2026-08-19,2026-08-24,Business,North,South,Fragile,Standard,179,Delivered
SHP00267,2026-08-19,2026-08-21,Business,South,South,Document,Standard,354,Delivered
SHP01943,2026-08-20,2026-08-27,Individual,Central,North,Parcel,Standard,312,Delivered
SHP01149,2026-08-21,2026-08-23,Business,Central,Central,Document,Express,196,Delayed
SHP01800,2026-08-21,2026-08-23,Individual,North,North,Parcel,Same Day,302,Delivered
SHP01616,2026-08-21,2026-08-22,Individual,East,Central,Fragile,Express,302,Delivered
SHP00896,2026-08-24,2026-08-26,Individual,West,East,Parcel,Standard,202,Delivered
SHP01578,2026-08-25,2026-08-31,Individual,North,West,Parcel,Standard,338,Delivered
SHP00501,2026-08-25,2026-08-26,Individual,Central,West,Parcel,Standard,376,Failed
SHP01757,2026-08-26,2026-08-29,Individual,North,Central,Electronics,Express,447,Delivered
SHP01674,2026-08-26,2026-08-27,Business,South,Central,Electronics,Express,700,Delivered
SHP01499,2026-08-26,2026-08-29,Business,East,South,Parcel,Standard,365,Delivered
SHP00867,2026-08-26,2026-08-30,Individual,West,North,Fragile,Express,329,Delayed
SHP00390,2026-08-27,2026-08-30,Business,South,North,Document,Express,214,Delivered
SHP00497,2026-08-28,2026-09-02,Individual,West,West,Fragile,Standard,177,Delivered
SHP01558,2026-08-28,2026-08-31,Individual,North,Central,Parcel,Standard,157,Delivered
SHP01400,2026-08-28,2026-09-01,Individual,North,East,Parcel,Express,118,Delivered
SHP00287,2026-08-29,2026-09-04,Business,North,East,Document,Same Day,466,Delivered
SHP01487,2026-08-29,2026-08-30,Individual,North,North,Parcel,Express,235,Delivered
SHP00503,2026-08-29,2026-09-03,Individual,South,East,Fragile,Express,122,Delivered
SHP00135,2026-08-30,2026-09-01,Business,Central,North,Parcel,Standard,286,Delivered
SHP01202,2026-08-30,2026-09-02,Individual,Central,South,Parcel,Express,458,Delivered
SHP01200,2026-08-30,2026-09-02,Individual,West,Central,Parcel,Standard,224,Delivered
SHP01579,2026-08-31,2026-09-03,Business,Central,South,Parcel,Standard,171,Delivered
SHP01297,2026-08-31,2026-09-02,Individual,East,Central,Document,Same Day,898,Delivered
SHP01592,2026-09-01,2026-09-05,Individual,Central,North,Fragile,Standard,347,Delivered
SHP01194,2026-09-01,2026-09-02,Business,East,East,Parcel,Standard,350,Delivered
SHP01071,2026-09-02,2026-09-04,Business,South,West,Fragile,Express,640,Delivered
SHP00025,2026-09-02,2026-09-06,Individual,North,East,Parcel,Standard,463,Delivered
SHP01742,2026-09-04,2026-09-08,Business,South,Central,Electronics,Standard,167,Delivered
SHP01401,2026-09-04,2026-09-09,Individual,East,Central,Document,Express,617,Delivered
SHP00405,2026-09-04,2026-09-06,Individual,South,East,Electronics,Standard,215,Delivered
SHP01731,2026-09-06,2026-09-07,Individual,West,Central,Fragile,Express,259,Delivered
SHP00258,2026-09-07,2026-09-14,Individual,South,North,Parcel,Express,644,Delayed
SHP01080,2026-09-07,2026-09-10,Business,East,North,Parcel,Standard,336,Failed
SHP01017,2026-09-07,2026-09-10,Individual,South,West,Document,Standard,175,Delivered
SHP01847,2026-09-08,2026-09-09,Individual,East,East,Fragile,Express,438,Failed
SHP01109,2026-09-08,2026-09-11,Individual,Central,Central,Document,Standard,293,Cancelled
SHP00163,2026-09-08,2026-09-10,Individual,South,North,Parcel,Same Day,805,Delayed
SHP01105,2026-09-09,2026-09-10,Business,North,West,Parcel,Standard,142,Cancelled
SHP01825,2026-09-09,2026-09-11,Individual,West,East,Fragile,Standard,469,Delayed
SHP00860,2026-09-09,2026-09-12,Business,West,Central,Electronics,Same Day,412,Delivered
SHP01646,2026-09-10,2026-09-12,Individual,North,West,Parcel,Same Day,448,Delivered
SHP00611,2026-09-10,2026-09-13,Business,North,North,Electronics,Standard,459,Delayed
SHP00600,2026-09-10,2026-09-16,Individual,East,West,Parcel,Standard,454,Delivered
SHP01193,2026-09-10,2026-09-13,Individual,South,West,Parcel,Express,344,Delivered
SHP00843,2026-09-11,2026-09-14,Individual,West,Central,Document,Express,511,Delivered
SHP01969,2026-09-11,2026-09-12,Individual,Central,West,Electronics,Standard,484,Delivered
SHP01315,2026-09-11,2026-09-14,Individual,West,North,Document,Standard,240,Delivered
SHP01103,2026-09-12,2026-09-14,Individual,North,West,Fragile,Express,322,Delivered
SHP01542,2026-09-13,2026-09-20,Individual,West,East,Parcel,Standard,276,Delayed
SHP00922,2026-09-14,2026-09-17,Individual,North,North,Parcel,Express,665,Delivered
SHP01186,2026-09-14,2026-09-15,Business,West,Central,Document,Standard,121,Delivered
SHP01672,2026-09-14,2026-09-19,Individual,East,North,Document,Standard,192,Delayed
SHP01256,2026-09-15,2026-09-18,Individual,North,West,Parcel,Standard,453,Delivered
SHP01301,2026-09-15,2026-09-18,Business,North,West,Parcel,Standard,223,Delayed
SHP01807,2026-09-15,2026-09-19,Individual,North,West,Parcel,Standard,288,Delivered
SHP01091,2026-09-16,2026-09-17,Individual,North,South,Fragile,Standard,461,Delivered
SHP00905,2026-09-16,2026-09-18,Business,West,East,Electronics,Express,682,Delivered
SHP00579,2026-09-16,2026-09-19,Business,East,South,Document,Express,602,Delivered
SHP01935,2026-09-18,2026-09-19,Individual,South,North,Fragile,Standard,204,Delivered
SHP00311,2026-09-18,2026-09-20,Individual,South,West,Document,Express,673,Delivered
SHP00789,2026-09-19,2026-09-21,Individual,Central,East,Parcel,Express,678,Delivered
SHP01661,2026-09-19,2026-09-21,Individual,North,South,Parcel,Standard,232,Delivered
SHP00304,2026-09-19,2026-09-23,Individual,East,North,Parcel,Express,496,Delivered
SHP00844,2026-09-19,2026-09-22,Business,East,Central,Parcel,Express,619,Delivered
SHP00255,2026-09-19,2026-09-20,Individual,North,Central,Fragile,Standard,274,Delivered
SHP01799,2026-09-20,2026-09-24,Business,East,South,Parcel,Standard,297,Delivered
SHP01375,2026-09-20,2026-09-24,Individual,North,East,Parcel,Express,372,Delivered
SHP01252,2026-09-20,2026-09-26,Individual,North,West,Parcel,Standard,491,Failed
SHP01097,2026-09-21,2026-09-25,Individual,North,South,Electronics,Express,311,Delayed
SHP01094,2026-09-21,2026-09-23,Individual,North,South,Parcel,Standard,366,Delivered
SHP01868,2026-09-21,2026-09-24,Individual,East,East,Parcel,Express,207,Cancelled
SHP00058,2026-09-22,2026-09-25,Individual,East,Central,Parcel,Same Day,860,Delivered
SHP00342,2026-09-23,2026-09-28,Individual,East,North,Fragile,Standard,191,Delivered
SHP00554,2026-09-23,2026-09-26,Business,Central,Central,Electronics,Same Day,617,Cancelled
SHP00808,2026-09-23,2026-09-28,Individual,Central,West,Fragile,Same Day,569,Delivered
SHP01004,2026-09-24,2026-09-28,Business,East,East,Electronics,Standard,314,Delivered
SHP01683,2026-09-25,2026-09-29,Business,North,Central,Electronics,Standard,334,Delivered
SHP01697,2026-09-25,2026-09-28,Individual,West,Central,Fragile,Express,539,Delivered
SHP01562,2026-09-27,2026-09-30,Individual,Central,East,Parcel,Same Day,526,Delivered
SHP00301,2026-09-29,2026-09-30,Business,West,West,Electronics,Standard,280,Delivered
SHP00891,2026-09-29,2026-10-05,Individual,North,East,Document,Standard,130,Delayed
SHP00847,2026-09-30,2026-10-03,Individual,East,West,Fragile,Standard,127,Delivered
SHP00307,2026-09-30,2026-10-01,Individual,West,Central,Fragile,Standard,263,Delivered
SHP01601,2026-10-01,2026-10-05,Individual,East,West,Document,Standard,457,Delivered
SHP01463,2026-10-01,2026-10-05,Business,Central,Central,Parcel,Standard,222,Cancelled
SHP01689,2026-10-02,2026-10-05,Business,East,South,Electronics,Same Day,369,Delivered
SHP00943,2026-10-03,2026-10-07,Individual,West,Central,Parcel,Standard,162,Delivered
SHP00792,2026-10-03,2026-10-06,Individual,North,North,Parcel,Express,414,Delivered
SHP01617,2026-10-04,2026-10-07,Individual,West,South,Document,Standard,358,Delivered
SHP01248,2026-10-04,2026-10-05,Individual,Central,East,Parcel,Standard,401,Delivered
SHP00849,2026-10-04,2026-10-08,Individual,Central,Central,Fragile,Standard,464,Delivered
SHP01308,2026-10-05,2026-10-09,Individual,West,East,Document,Same Day,801,Cancelled
SHP00406,2026-10-05,2026-10-08,Individual,Central,Central,Parcel,Standard,383,Delivered
SHP01511,2026-10-05,2026-10-07,Business,North,South,Fragile,Express,512,Delivered
SHP00346,2026-10-05,2026-10-08,Business,East,West,Fragile,Standard,426,Delivered
SHP00852,2026-10-05,2026-10-08,Individual,South,North,Parcel,Express,651,Delivered
SHP01550,2026-10-06,2026-10-07,Business,East,South,Parcel,Standard,312,Delivered
SHP00919,2026-10-06,2026-10-09,Business,North,East,Parcel,Express,351,Delivered
SHP01817,2026-10-07,2026-10-13,Individual,West,West,Fragile,Express,581,Delivered
SHP00349,2026-10-08,2026-10-11,Individual,Central,South,Parcel,Express,570,Failed
SHP00328,2026-10-09,2026-10-11,Individual,Central,East,Fragile,Standard,155,Failed
SHP00128,2026-10-09,2026-10-11,Business,West,North,Document,Express,571,Delayed
SHP01745,2026-10-09,2026-10-14,Individual,Central,Central,Parcel,Same Day,805,Delivered
SHP00854,2026-10-10,2026-10-12,Business,North,West,Fragile,Express,431,Delivered
SHP01708,2026-10-10,2026-10-13,Business,West,North,Parcel,Express,559,Delivered
SHP01402,2026-10-10,2026-10-14,Individual,West,South,Electronics,Standard,261,Delivered
SHP01335,2026-10-10,2026-10-15,Individual,South,Central,Electronics,Express,479,Delivered
SHP01605,2026-10-11,2026-10-14,Business,Central,East,Parcel,Standard,166,Cancelled
SHP01532,2026-10-11,2026-10-16,Individual,West,Central,Electronics,Express,237,Delivered
SHP00194,2026-10-11,2026-10-18,Individual,West,East,Parcel,Standard,393,Delivered
SHP00533,2026-10-12,2026-10-15,Individual,North,North,Parcel,Standard,436,Cancelled
SHP00364,2026-10-12,2026-10-17,Individual,Central,North,Parcel,Standard,189,Delivered
SHP00187,2026-10-13,2026-10-18,Individual,East,South,Parcel,Express,132,Delivered
SHP01332,2026-10-13,2026-10-15,Business,South,South,Parcel,Express,314,Cancelled
SHP00062,2026-10-13,2026-10-17,Individual,East,North,Parcel,Standard,330,Delivered
SHP01720,2026-10-13,2026-10-18,Individual,North,West,Document,Same Day,781,Delivered
SHP00086,2026-10-14,2026-10-16,Individual,West,Central,Fragile,Express,689,Delivered
SHP00601,2026-10-16,2026-10-17,Individual,South,North,Fragile,Standard,400,Delivered
SHP01021,2026-10-16,2026-10-20,Business,South,North,Electronics,Standard,152,Delivered
SHP00237,2026-10-16,2026-10-18,Individual,Central,Central,Fragile,Express,419,Delivered
SHP00117,2026-10-17,2026-10-23,Individual,South,West,Parcel,Standard,179,Delivered
SHP00398,2026-10-17,2026-10-20,Individual,Central,Central,Electronics,Express,595,Delayed
SHP00807,2026-10-17,2026-10-21,Individual,Central,East,Fragile,Same Day,160,Delivered
SHP00391,2026-10-18,2026-10-19,Individual,East,North,Fragile,Standard,385,Delivered
SHP01981,2026-10-18,2026-10-20,Business,North,South,Document,Standard,389,Delayed
SHP00051,2026-10-18,2026-10-20,Individual,North,Central,Electronics,Express,300,Delivered
SHP00967,2026-10-19,2026-10-22,Individual,South,South,Document,Standard,131,Delivered
SHP01546,2026-10-21,2026-10-22,Individual,South,West,Document,Standard,458,Delivered
SHP01504,2026-10-21,2026-10-25,Individual,West,Central,Parcel,Express,514,Delivered
SHP00862,2026-10-21,2026-10-25,Business,Central,West,Document,Standard,362,Delivered
SHP00476,2026-10-21,2026-10-24,Individual,West,West,Electronics,Standard,120,Cancelled
SHP00050,2026-10-22,2026-10-23,Individual,South,West,Document,Same Day,697,Delivered
SHP00673,2026-10-23,2026-10-27,Individual,West,North,Document,Express,315,Cancelled
SHP01583,2026-10-23,2026-10-28,Business,South,West,Document,Standard,274,Delivered
SHP00632,2026-10-25,2026-10-28,Individual,East,West,Document,Express,552,Delayed
SHP00104,2026-10-25,2026-10-31,Individual,South,North,Fragile,Express,627,Delivered
SHP00532,2026-10-25,2026-10-29,Business,South,West,Parcel,Express,270,Delayed
SHP00672,2026-10-27,2026-11-01,Business,South,South,Parcel,Standard,420,Delivered
SHP01280,2026-10-27,2026-10-30,Individual,Central,West,Parcel,Standard,479,Delivered
SHP01774,2026-10-27,2026-10-31,Individual,North,East,Fragile,Standard,107,Delivered
SHP01530,2026-10-28,2026-11-01,Business,North,South,Parcel,Standard,355,Delivered
SHP00506,2026-10-28,2026-10-31,Business,Central,South,Parcel,Express,384,Delivered
SHP01914,2026-10-28,2026-10-30,Individual,South,North,Fragile,Standard,368,Delivered
SHP00933,2026-10-28,2026-11-01,Business,West,South,Document,Express,462,Delivered
SHP00448,2026-10-29,2026-10-31,Business,West,South,Fragile,Standard,332,Delivered
SHP01894,2026-10-30,2026-11-03,Business,South,North,Parcel,Same Day,328,Delayed
SHP01480,2026-10-30,2026-11-02,Business,Central,East,Electronics,Express,347,Delivered
SHP00498,2026-11-01,2026-11-03,Individual,East,North,Parcel,Standard,408,Delivered
SHP01403,2026-11-01,2026-11-05,Business,South,West,Parcel,Standard,191,Delivered
SHP01513,2026-11-01,2026-11-04,Individual,North,North,Document,Standard,234,Delivered
SHP01802,2026-11-01,2026-11-04,Individual,West,North,Fragile,Standard,350,Delivered
SHP01729,2026-11-01,2026-11-05,Business,East,West,Parcel,Standard,301,Delayed
SHP01859,2026-11-02,2026-11-06,Individual,South,Central,Parcel,Standard,160,Delayed
SHP00679,2026-11-04,2026-11-05,Individual,West,North,Parcel,Same Day,200,Delivered
SHP00112,2026-11-04,2026-11-07,Individual,Central,South,Parcel,Standard,217,Cancelled
SHP00801,2026-11-04,2026-11-05,Individual,Central,Central,Parcel,Standard,403,Delivered
SHP01077,2026-11-05,2026-11-09,Individual,Central,North,Document,Standard,151,Delivered
SHP00366,2026-11-05,2026-11-07,Business,East,West,Parcel,Standard,386,Delivered
SHP01064,2026-11-06,2026-11-10,Business,North,South,Document,Same Day,664,Delivered
SHP01003,2026-11-06,2026-11-09,Business,East,Central,Document,Standard,94,Delivered
SHP01262,2026-11-06,2026-11-09,Business,South,Central,Parcel,Standard,447,Delivered
SHP01048,2026-11-06,2026-11-10,Business,West,Central,Electronics,Express,578,Cancelled
SHP01920,2026-11-06,2026-11-09,Individual,East,West,Parcel,Express,234,Delivered
SHP00915,2026-11-08,2026-11-10,Individual,West,North,Fragile,Standard,248,Delivered
SHP00419,2026-11-08,2026-11-11,Individual,East,East,Parcel,Same Day,535,Delivered
SHP01172,2026-11-09,2026-11-12,Individual,South,South,Parcel,Express,343,Delivered
SHP01501,2026-11-09,2026-11-13,Business,East,East,Document,Standard,353,Delivered
SHP00003,2026-11-10,2026-11-12,Individual,West,North,Electronics,Standard,207,Delayed
SHP01298,2026-11-11,2026-11-13,Business,West,Central,Fragile,Express,123,Delivered
SHP00224,2026-11-11,2026-11-12,Individual,South,South,Parcel,Standard,397,Delivered
SHP00553,2026-11-12,2026-11-13,Individual,North,West,Parcel,Standard,256,Delayed
SHP00786,2026-11-12,2026-11-15,Business,West,South,Fragile,Standard,170,Delivered
SHP00433,2026-11-14,2026-11-16,Individual,West,West,Parcel,Express,547,Delivered
SHP01796,2026-11-14,2026-11-20,Individual,West,Central,Fragile,Express,251,Delivered
SHP01643,2026-11-15,2026-11-17,Individual,Central,South,Parcel,Standard,466,Delivered
SHP00654,2026-11-15,2026-11-20,Individual,Central,Central,Parcel,Express,532,Delivered
SHP00733,2026-11-15,2026-11-18,Business,East,East,Parcel,Standard,174,Delivered
SHP01318,2026-11-16,2026-11-17,Individual,Central,West,Parcel,Standard,160,Delivered
SHP00088,2026-11-17,2026-11-20,Business,South,South,Parcel,Same Day,265,Delivered
SHP00131,2026-11-17,2026-11-19,Individual,Central,West,Document,Standard,461,Delivered
SHP00856,2026-11-18,2026-11-23,Individual,North,South,Document,Standard,171,Delayed
SHP01230,2026-11-20,2026-11-22,Individual,West,East,Document,Express,438,Cancelled
SHP01283,2026-11-22,2026-11-27,Business,Central,Central,Document,Express,258,Delivered
SHP00093,2026-11-22,2026-11-26,Business,North,South,Parcel,Standard,128,Delivered
SHP00219,2026-11-22,2026-11-24,Business,West,Central,Fragile,Express,218,Cancelled
SHP01506,2026-11-24,2026-11-27,Individual,South,West,Document,Standard,129,Cancelled
SHP00123,2026-11-25,2026-11-26,Business,North,West,Parcel,Express,557,Delivered
SHP00248,2026-11-26,2026-12-03,Individual,North,East,Parcel,Express,202,Delivered
SHP00193,2026-11-26,2026-11-28,Business,South,North,Parcel,Express,182,Delivered
SHP00272,2026-11-28,2026-11-29,Business,South,Central,Electronics,Standard,134,Delayed
SHP01121,2026-11-28,2026-12-05,Individual,Central,West,Parcel,Standard,400,Delivered
SHP01053,2026-11-28,2026-11-30,Individual,Central,East,Parcel,Standard,425,Delivered
SHP01629,2026-11-28,2026-11-30,Individual,South,East,Fragile,Express,375,Delivered
SHP00796,2026-11-28,2026-11-30,Business,East,West,Parcel,Standard,98,Delivered
SHP01520,2026-11-28,2026-12-02,Business,Central,East,Document,Express,287,Delivered
SHP00437,2026-11-28,2026-11-30,Business,North,South,Parcel,Standard,268,Delivered
SHP00683,2026-11-28,2026-12-01,Individual,Central,South,Parcel,Standard,412,Delivered
SHP01204,2026-11-29,2026-12-01,Business,Central,Central,Electronics,Express,119,Failed
SHP01210,2026-11-29,2026-12-01,Business,East,South,Parcel,Standard,404,Delivered
SHP00716,2026-11-29,2026-12-02,Individual,Central,South,Fragile,Express,398,Delivered
SHP00074,2026-11-30,2026-12-02,Individual,North,West,Parcel,Standard,99,Delivered
SHP00779,2026-12-01,2026-12-04,Individual,West,South,Electronics,Express,507,Delivered
SHP00439,2026-12-01,2026-12-04,Individual,South,West,Parcel,Express,356,Delivered
SHP00378,2026-12-02,2026-12-04,Individual,North,North,Electronics,Express,307,Delivered
SHP01061,2026-12-03,2026-12-04,Business,South,Central,Document,Express,574,Delivered
SHP00245,2026-12-05,2026-12-10,Individual,North,South,Electronics,Same Day,452,Delivered
SHP00641,2026-12-05,2026-12-07,Individual,Central,East,Parcel,Express,416,Cancelled
SHP01357,2026-12-05,2026-12-06,Individual,North,Central,Parcel,Standard,247,Delivered
SHP01239,2026-12-05,2026-12-07,Business,North,East,Electronics,Standard,464,Delivered
SHP01169,2026-12-06,2026-12-09,Individual,East,East,Electronics,Standard,278,Delivered
SHP00345,2026-12-06,2026-12-09,Individual,South,West,Document,Express,455,Delivered
SHP00094,2026-12-07,2026-12-11,Business,East,Central,Electronics,Express,155,Delivered
SHP01652,2026-12-08,2026-12-09,Business,South,East,Fragile,Standard,437,Delivered
SHP00895,2026-12-08,2026-12-11,Business,East,East,Parcel,Standard,267,Delivered
SHP00241,2026-12-08,2026-12-11,Individual,Central,North,Document,Express,440,Delivered
SHP00631,2026-12-10,2026-12-13,Business,South,Central,Document,Standard,145,Delivered
SHP00942,2026-12-10,2026-12-13,Individual,West,North,Fragile,Standard,416,Failed
SHP01547,2026-12-12,2026-12-13,Business,Central,South,Document,Standard,293,Delivered
SHP00306,2026-12-12,2026-12-13,Business,East,East,Parcel,Same Day,265,Delivered
SHP00067,2026-12-12,2026-12-13,Business,West,West,Parcel,Same Day,826,Delivered
SHP00151,2026-12-12,2026-12-13,Individual,South,East,Document,Express,455,Delivered
SHP00975,2026-12-12,2026-12-14,Business,South,Central,Fragile,Express,300,Cancelled
SHP00576,2026-12-13,2026-12-18,Individual,North,North,Document,Standard,399,Delivered
SHP00939,2026-12-13,2026-12-17,Business,South,Central,Document,Standard,471,Delivered
SHP00300,2026-12-13,2026-12-15,Individual,North,East,Document,Standard,473,Delivered
SHP00648,2026-12-15,2026-12-21,Individual,North,North,Fragile,Express,218,Delivered
SHP01823,2026-12-15,2026-12-17,Individual,South,West,Fragile,Express,298,Delivered
SHP00329,2026-12-17,2026-12-18,Individual,Central,South,Document,Standard,302,Delivered
SHP00324,2026-12-17,2026-12-19,Individual,West,Central,Parcel,Standard,224,Delivered
SHP00471,2026-12-17,2026-12-23,Business,South,East,Document,Express,430,Delivered
SHP01509,2026-12-18,2026-12-22,Business,West,North,Parcel,Standard,159,Delivered
SHP01418,2026-12-18,2026-12-19,Individual,Central,West,Document,Express,115,Delivered
SHP00022,2026-12-18,2026-12-23,Individual,North,South,Electronics,Standard,270,Delivered
SHP01313,2026-12-19,2026-12-25,Business,West,Central,Parcel,Standard,333,Delivered
SHP01657,2026-12-19,2026-12-26,Individual,North,Central,Parcel,Standard,185,Delivered
SHP01813,2026-12-19,2026-12-21,Individual,North,North,Document,Express,248,Delivered
SHP01156,2026-12-21,2026-12-23,Individual,North,Central,Parcel,Standard,380,Cancelled
SHP01841,2026-12-22,2026-12-26,Individual,North,West,Document,Standard,294,Cancelled
SHP00902,2026-12-22,2026-12-28,Business,North,North,Electronics,Standard,331,Delivered
SHP00079,2026-12-22,2026-12-26,Individual,West,West,Electronics,Express,375,Delivered
SHP01341,2026-12-23,2026-12-26,Individual,South,East,Parcel,Express,267,Delivered
SHP01567,2026-12-24,2026-12-27,Individual,South,East,Electronics,Express,517,Delivered
SHP00535,2026-12-24,2026-12-29,Business,West,South,Parcel,Standard,385,Delivered
SHP01773,2026-12-26,2026-12-27,Individual,North,North,Fragile,Standard,378,Delivered
SHP00431,2026-12-28,2026-12-31,Individual,Central,West,Parcel,Same Day,706,Delayed
SHP01548,2026-12-28,2026-12-30,Individual,West,South,Document,Express,696,Delivered
SHP00344,2026-12-28,2026-12-31,Individual,West,East,Parcel,Standard,160,Delayed
SHP01695,2026-12-29,2026-12-31,Business,North,South,Document,Standard,197,Delivered
SHP00461,2026-12-29,2027-01-03,Individual,West,Central,Parcel,Same Day,389,Delivered
SHP00002,2026-12-31,2027-01-03,Individual,South,East,Parcel,Express,349,Delivered
SHP00568,2026-12-31,2027-01-04,Business,North,Central,Electronics,Standard,143,Delivered
